segment_id	audio_filepath	duration	snr_db	vad_ratio	text_raw	text_clean	word_count	speaker_id
waxal_asr_ef8a85283c6a44f3b577c2d2dc836def	data/fulfulde_run/audio/waxal_asr_ef8a85283c6a44f3b577c2d2dc836def.wav	2.76	34.28	0.89	mo kartudi bonbon ngarmi laargo;	mo kartudi bonbon ngarmi laargo	5	unknown
waxal_asr_4959c16c066e4a4c853ccc404dc2c125	data/fulfulde_run/audio/waxal_asr_4959c16c066e4a4c853ccc404dc2c125.wav	13.174	49.38	0.79	Jam, o yaali maayo maapinndiwo, ɓiira puru ɓalwa-koppi goo diwi paɗaŋ haa gaɗa, o dilli o weeroyi saare laamɗo.	jam o yaali maayo maapinndiwo ɓiira puru ɓalwa-koppi goo diwi paɗaŋ haa gaɗa o dilli o weeroyi saare laamɗo	19	unknown
waxal_asr_f2c6bb12375f451487e13e5c1c36c509	data/fulfulde_run/audio/waxal_asr_f2c6bb12375f451487e13e5c1c36c509.wav	3.347	42.97	0.88	mukoy tati goo wii : ɓinngel to njaata?	mukoy tati goo wii ɓinngel to njaata	7	unknown
waxal_asr_07e5331d5b604473804d13fa1e39f217	data/fulfulde_run/audio/waxal_asr_07e5331d5b604473804d13fa1e39f217.wav	6.18	43.81	0.77	Alla am laamiiɗo, yah jawmam am, ayyee ndiyam no woori!	alla am laamiiɗo yah jawmam am ayyee ndiyam no woori	10	unknown
waxal_asr_f4fa603a3b7142489cab8922a672ad3f	data/fulfulde_run/audio/waxal_asr_f4fa603a3b7142489cab8922a672ad3f.wav	3.6	54.66	0.81	yeli o ɗon, yeli o walaaɗon mi anndaa.	yeli o ɗon yeli o walaaɗon mi anndaa	8	unknown
waxal_asr_5a8c7cc18019457f8d96702457f0acf7	data/fulfulde_run/audio/waxal_asr_5a8c7cc18019457f8d96702457f0acf7.wav	14.521	41.07	0.9	Ɓe ummi bee nawliiko goo ɓe tokkootiri ɓe njuurno nder leɗɗe kadi, ɓe ɗon njuurno nder leɗɗe, ɓe ngii kumanndaajo ɗon tappi juuɗe nii, ɓe tappani mo rapo.	ɓe ummi bee nawliiko goo ɓe tokkootiri ɓe njuurno nder leɗɗe kadi ɓe ɗon njuurno nder leɗɗe ɓe ngii kumanndaajo ɗon tappi juuɗe nii ɓe tappani mo rapo	28	unknown
waxal_asr_0ced15e0d1f845deb272b61104a85a33	data/fulfulde_run/audio/waxal_asr_0ced15e0d1f845deb272b61104a85a33.wav	8.76	38.78	0.84	Jam, ɓinngel suuki dilli, ɗon yaha, ɗon yaha, yehi caka ladde, tawi caɓɓulli ɗon wooja coy,	jam ɓinngel suuki dilli ɗon yaha ɗon yaha yehi caka ladde tawi caɓɓulli ɗon wooja coy	16	unknown
waxal_asr_537e126f8b3748d79c5f8d9a14e1dd15	data/fulfulde_run/audio/waxal_asr_537e126f8b3748d79c5f8d9a14e1dd15.wav	17.348	47.69	0.82	O dilli kam ba Bello ngasa, o ɗon tokkootiri e maako. Gorko goo yehi darnoyi mo kommbi honndorde, wii mo : dara gaɗa wumre ɗoo, kaŋum dilli e honndorde haa talloyo.	o dilli kam ba bello ngasa o ɗon tokkootiri e maako gorko goo yehi darnoyi mo kommbi honndorde wii mo dara gaɗa wumre ɗoo kaŋum dilli e honndorde haa talloyo	30	unknown
waxal_asr_ef908bf856764ba595ed016b3d3a76bd	data/fulfulde_run/audio/waxal_asr_ef908bf856764ba595ed016b3d3a76bd.wav	6.42	46.86	0.65	hh! Nden kam mi yiɗi mo to ngam am kam, Alla hoynan mo.	hh nden kam mi yiɗi mo to ngam am kam alla hoynan mo	13	unknown
waxal_asr_0d25ecaaf7944beb98c0e045e37535da	data/fulfulde_run/audio/waxal_asr_0d25ecaaf7944beb98c0e045e37535da.wav	4.362	27.7	0.95	O jooɗi : Bilaali ngamngam; Bilaali ngamngam;	o jooɗi bilaali ngamngam bilaali ngamngam	6	unknown
waxal_asr_4d7e6a925ca340e08b5b632a214a8ae9	data/fulfulde_run/audio/waxal_asr_4d7e6a925ca340e08b5b632a214a8ae9.wav	10.724	50.28	0.67	Ɓe ngaɗi gaari koddeeri ɓe ngaddi, o heenti dow, o wooɓi koroy tatoy o acci.	ɓe ngaɗi gaari koddeeri ɓe ngaddi o heenti dow o wooɓi koroy tatoy o acci	15	unknown
waxal_asr_eeebd7d91dc14e47992d9b67f9ac20b6	data/fulfulde_run/audio/waxal_asr_eeebd7d91dc14e47992d9b67f9ac20b6.wav	15.043	47.78	0.81	Debbo jaɓi maayɗo dasi guguguy ɓaaroyi, o yehi o wujjoyi goɗɗo o wari o tappani debbo jaɓi, o tuurti o wujjoyi o waddani debbo jaɓi.	debbo jaɓi maayɗo dasi guguguy ɓaaroyi o yehi o wujjoyi goɗɗo o wari o tappani debbo jaɓi o tuurti o wujjoyi o waddani debbo jaɓi	25	unknown
waxal_asr_f0bd79261a0641419b8ea098ad9416e6	data/fulfulde_run/audio/waxal_asr_f0bd79261a0641419b8ea098ad9416e6.wav	4.536	26.05	0.95	Jam, maccuɓe laamɗo ɗon liina mo nyiiri gal gaɗa mahol.	jam maccuɓe laamɗo ɗon liina mo nyiiri gal gaɗa mahol	10	unknown
waxal_asr_e233878f67674b8192a975269db26059	data/fulfulde_run/audio/waxal_asr_e233878f67674b8192a975269db26059.wav	5.744	51.0	0.81	to a yiɗi a defi, to naa non boo to a yiɗi a acci;	to a yiɗi a defi to naa non boo to a yiɗi a acci	14	unknown
waxal_asr_caa898a606114c0d83d147cbf399cb64	data/fulfulde_run/audio/waxal_asr_caa898a606114c0d83d147cbf399cb64.wav	5.215	35.56	0.9	O wii mo bamɗe, be’i, walaa ko o wi’aay mo, fuu o sali;	o wii mo bamɗe be i walaa ko o wi aay mo fuu o sali	15	unknown
waxal_asr_2501e56c696645f19b9d9ad583c8ea22	data/fulfulde_run/audio/waxal_asr_2501e56c696645f19b9d9ad583c8ea22.wav	15.048	51.07	0.75	kanko o wii bisimilla : en haɓ dabare wargo mo. E no mbardeten mo o ummo o nyaama en? Ndikka njawtinen nyaameego.	kanko o wii bisimilla en haɓ dabare wargo mo e no mbardeten mo o ummo o nyaama en ndikka njawtinen nyaameego	21	unknown
waxal_asr_9cb570615ede411bac0a044ad7b6e8aa	data/fulfulde_run/audio/waxal_asr_9cb570615ede411bac0a044ad7b6e8aa.wav	4.523	48.39	0.82	o ɗon suɓta, hamman ɗon taada Mbuulu muuɗum.	o ɗon suɓta hamman ɗon taada mbuulu muuɗum	8	unknown
waxal_asr_087a6e8a04f34e858ed789b95b1e7e7c	data/fulfulde_run/audio/waxal_asr_087a6e8a04f34e858ed789b95b1e7e7c.wav	14.086	47.73	0.8	Pucci baaba maako jeeɗiɗi, o wa’’o beembal, ɓe mba’’o, horɓe mba’’o beembal nokka gawri ndefana nguu mudooje jeeɗiɗi-jeeɗiɗi.	pucci baaba maako jeeɗiɗi o wa o beembal ɓe mba o horɓe mba o beembal nokka gawri ndefana nguu mudooje jeeɗiɗi-jeeɗiɗi	21	unknown
waxal_asr_3dd68b1be9f14eea93aafa16d779bf11	data/fulfulde_run/audio/waxal_asr_3dd68b1be9f14eea93aafa16d779bf11.wav	2.7	52.84	0.8	Damaseere maayi ngaraa.	damaseere maayi ngaraa	3	unknown
waxal_asr_baf4150698544a3684c109dc7f1c309b	data/fulfulde_run/audio/waxal_asr_baf4150698544a3684c109dc7f1c309b.wav	7.47	44.18	0.86	o nasti suudu kisin non, Hamman hiili mo fisti Mbuulu, fisti, Mbuulu ruggi ɗum,	o nasti suudu kisin non hamman hiili mo fisti mbuulu fisti mbuulu ruggi ɗum	14	unknown
waxal_asr_ac7b15a6761b4817bcb1a9345dba32af	data/fulfulde_run/audio/waxal_asr_ac7b15a6761b4817bcb1a9345dba32af.wav	14.693	51.05	0.71	jam o wii mo : yah, janngo weeti fajira boo wii mo yah layɓoy, o fawi kuuje goo fuu o hokki mo, o roondi, o tokki laawol,	jam o wii mo yah janngo weeti fajira boo wii mo yah layɓoy o fawi kuuje goo fuu o hokki mo o roondi o tokki laawol	26	unknown
waxal_asr_436e4ae8127643908aefbc69187842e5	data/fulfulde_run/audio/waxal_asr_436e4ae8127643908aefbc69187842e5.wav	5.284	50.4	0.83	Buuworɗi ɓaleeji guma; Buuworɗi daneeji guma;	buuworɗi ɓaleeji guma buuworɗi daneeji guma	6	unknown
waxal_asr_d316e3b4f237480e92b77fcacc217ca6	data/fulfulde_run/audio/waxal_asr_d316e3b4f237480e92b77fcacc217ca6.wav	8.422	49.76	0.7	Ɓiira o yaali maayo ngo juuyataa maapinndiiwo, ngo o saal no goo.	ɓiira o yaali maayo ngo juuyataa maapinndiiwo ngo o saal no goo	12	unknown
waxal_asr_cb49d30df6d84dec82dfba436f5da329	data/fulfulde_run/audio/waxal_asr_cb49d30df6d84dec82dfba436f5da329.wav	9.22	48.36	0.77	maako, mo ɗon ƴakka gooro maako bee goronngo maako yigga les puru goo.	maako mo ɗon ƴakka gooro maako bee goronngo maako yigga les puru goo	13	unknown
waxal_asr_c7305653da744b40a33a9e56a0052e47	data/fulfulde_run/audio/waxal_asr_c7305653da744b40a33a9e56a0052e47.wav	7.878	47.43	0.81	Nasti nder ndiyam, dasi nasti nii, derke’en goo ndoondi ngarti e mbooka.	nasti nder ndiyam dasi nasti nii derke en goo ndoondi ngarti e mbooka	13	unknown
waxal_asr_5f5725ad8f6448e3975a0dd0a2cf5b04	data/fulfulde_run/audio/waxal_asr_5f5725ad8f6448e3975a0dd0a2cf5b04.wav	6.883	48.17	0.82	Kuuje goo ɓe cokki, ɓe cokki, ɓe cokki nder suudu walaa e kuuje goo njooɗo.	kuuje goo ɓe cokki ɓe cokki ɓe cokki nder suudu walaa e kuuje goo njooɗo	15	unknown
waxal_asr_aaf0b205eb504781bdc5fe140565d7f4	data/fulfulde_run/audio/waxal_asr_aaf0b205eb504781bdc5fe140565d7f4.wav	11.071	47.53	0.84	naa ɗon haa ɓe njehi wuro maɓɓe. Ɓe ngari ɓe njippini ɓe, jawro maɓɓe bee lekki; lekki kii ni dammugal jawro maɓɓe.	naa ɗon haa ɓe njehi wuro maɓɓe ɓe ngari ɓe njippini ɓe jawro maɓɓe bee lekki lekki kii ni dammugal jawro maɓɓe	22	unknown
waxal_asr_a2a04a5a9af64c769324d189a0224fc1	data/fulfulde_run/audio/waxal_asr_a2a04a5a9af64c769324d189a0224fc1.wav	6.18	39.99	0.85	Jam, goriiko ummi jooɗi, ɓe caanidiri, jam yimɓe goo cankiti.	jam goriiko ummi jooɗi ɓe caanidiri jam yimɓe goo cankiti	10	unknown
waxal_asr_a3e8257233d24b6398c6e51d67820bd2	data/fulfulde_run/audio/waxal_asr_a3e8257233d24b6398c6e51d67820bd2.wav	13.253	51.37	0.76	ɓe kersa mboodi waa’a ba naane, wurguure heewa, ɓe ɗon kaɓa, ɓe ɗon kaɓa nii haa haa haa haa naange warti juura,	ɓe kersa mboodi waa a ba naane wurguure heewa ɓe ɗon kaɓa ɓe ɗon kaɓa nii haa haa haa haa naange warti juura	23	unknown
waxal_asr_1d9f4a55edbc460892fed3258f120234	data/fulfulde_run/audio/waxal_asr_1d9f4a55edbc460892fed3258f120234.wav	7.154	28.88	0.91	Ndee kam, o yehi haa o jaɓa nyiiri nii non non, wurre maako itti ɓe ndaari reedu goo.	ndee kam o yehi haa o jaɓa nyiiri nii non non wurre maako itti ɓe ndaari reedu goo	18	unknown
waxal_asr_decfcc3271a94dbb9f82ae145ddcf09e	data/fulfulde_run/audio/waxal_asr_decfcc3271a94dbb9f82ae145ddcf09e.wav	4.02	48.61	0.82	Jam, ɓiira ɓe koo’i ɓe ndokki mo laamɗo goo,	jam ɓiira ɓe koo i ɓe ndokki mo laamɗo goo	10	unknown
waxal_asr_437e7cf16cbf4112bd8ddaac0207ec4d	data/fulfulde_run/audio/waxal_asr_437e7cf16cbf4112bd8ddaac0207ec4d.wav	3.843	36.67	0.9	Miin kam mi yiɗaa ma, ngam dala maaɗa wooɗaa;	miin kam mi yiɗaa ma ngam dala maaɗa wooɗaa	9	unknown
waxal_asr_7e9831c9df73433db836a256062024b9	data/fulfulde_run/audio/waxal_asr_7e9831c9df73433db836a256062024b9.wav	2.1	42.49	0.81	sike hunnde nde;	sike hunnde nde	3	unknown
waxal_asr_a331ab5e024c4f859802779afb0adfa6	data/fulfulde_run/audio/waxal_asr_a331ab5e024c4f859802779afb0adfa6.wav	11.551	47.34	0.84	Ɓe puufi luwel, ɓe mooɓti, nyaamuri’en pat mooɓti ndilli ladde haa teenoya leɗɗe, ngaroya ngula ɓe kadi nyaama.	ɓe puufi luwel ɓe mooɓti nyaamuri en pat mooɓti ndilli ladde haa teenoya leɗɗe ngaroya ngula ɓe kadi nyaama	19	unknown
waxal_asr_aa600828c6a04f338458f79efe62e47c	data/fulfulde_run/audio/waxal_asr_aa600828c6a04f338458f79efe62e47c.wav	2.76	55.2	0.54	O maɓɓi saare goo.	o maɓɓi saare goo	4	unknown
waxal_asr_80a6f4535708446f8a05bcba71f7c113	data/fulfulde_run/audio/waxal_asr_80a6f4535708446f8a05bcba71f7c113.wav	3.18	50.1	0.8	Suy gorko goo ummi yamɗiti.	suy gorko goo ummi yamɗiti	5	unknown
waxal_asr_c8b48a3d192b407bbf7e41ef6ade4b3a	data/fulfulde_run/audio/waxal_asr_c8b48a3d192b407bbf7e41ef6ade4b3a.wav	5.82	52.02	0.73	O ɗon yaha, o ɗon yaha, kooko o anndi boo dow duniya.	o ɗon yaha o ɗon yaha kooko o anndi boo dow duniya	12	unknown
waxal_asr_843b7565f6d64c51ac901b538be91a27	data/fulfulde_run/audio/waxal_asr_843b7565f6d64c51ac901b538be91a27.wav	8.072	50.72	0.81	Wamnde nyaami haari do’’i waati. Jigaaje nyaami kaari leerani duule.	wamnde nyaami haari do i waati jigaaje nyaami kaari leerani duule	11	unknown
waxal_asr_bca223980d414463a8a0f8db3069dd83	data/fulfulde_run/audio/waxal_asr_bca223980d414463a8a0f8db3069dd83.wav	8.93	38.52	0.9	O wii yoo debbo maako goo boo sey wadda, o wii : ayyee mi debbo laamɗo nii sey mi wara nder yimɓe?	o wii yoo debbo maako goo boo sey wadda o wii ayyee mi debbo laamɗo nii sey mi wara nder yimɓe	21	unknown
waxal_asr_566486d4947b45369b76396d23a59c10	data/fulfulde_run/audio/waxal_asr_566486d4947b45369b76396d23a59c10.wav	5.487	40.0	0.87	Gertogal haɓɓere mum haa ɗaajoro fetere nyiiri bee kosam.	gertogal haɓɓere mum haa ɗaajoro fetere nyiiri bee kosam	9	unknown
waxal_asr_adcdead24d1e4bffbf641924503b8a31	data/fulfulde_run/audio/waxal_asr_adcdead24d1e4bffbf641924503b8a31.wav	12.825	46.13	0.85	Kanngel boo yiɗi nyeɗoygo bee ɓikkoy yerimahoy, ɓikkoy yerimaahoy boo, ngele fuu nyiddungel non, ɗon fooɗi hunnduko non bana dutal;	kanngel boo yiɗi nyeɗoygo bee ɓikkoy yerimahoy ɓikkoy yerimaahoy boo ngele fuu nyiddungel non ɗon fooɗi hunnduko non bana dutal	20	unknown
waxal_asr_39a5e2b6c18548f7a0c674fa7215552d	data/fulfulde_run/audio/waxal_asr_39a5e2b6c18548f7a0c674fa7215552d.wav	6.66	51.25	0.73	Cuuɗi caalake, dakkaaji ɗoofake : Hamma min ndillidi;	cuuɗi caalake dakkaaji ɗoofake hamma min ndillidi	7	unknown
waxal_asr_8fd4ffa3f00443dfaa84964f63136a89	data/fulfulde_run/audio/waxal_asr_8fd4ffa3f00443dfaa84964f63136a89.wav	2.031	47.82	0.61	yah waddoy ɗe.	yah waddoy ɗe	3	unknown
waxal_asr_f5c06413963b439faedd688b1e815937	data/fulfulde_run/audio/waxal_asr_f5c06413963b439faedd688b1e815937.wav	9.218	51.5	0.82	Booɗɗum walaa ayiibe, janngo ɗoo wamirde ɗon waɗa haa gaɗa-maayo en njahtaa en laara naa?	booɗɗum walaa ayiibe janngo ɗoo wamirde ɗon waɗa haa gaɗa-maayo en njahtaa en laara naa	15	unknown
waxal_asr_17c9eba2ab124767904b861468bc3739	data/fulfulde_run/audio/waxal_asr_17c9eba2ab124767904b861468bc3739.wav	9.907	45.59	0.69	O dilli kad doo, nga yehi nga jooɗi dow suudu daada ban nii : daada Damaseere kumaa;	o dilli kad doo nga yehi nga jooɗi dow suudu daada ban nii daada damaseere kumaa	16	unknown
waxal_asr_d6dc39696136442b870d879655467100	data/fulfulde_run/audio/waxal_asr_d6dc39696136442b870d879655467100.wav	3.6	55.38	0.7	mo tuuɗe aleewa ngarmi laargo;	mo tuuɗe aleewa ngarmi laargo	5	unknown
waxal_asr_fcc9b95dac9843e5bc16aeab1e561c11	data/fulfulde_run/audio/waxal_asr_fcc9b95dac9843e5bc16aeab1e561c11.wav	8.25	51.87	0.86	Ɓe njehi ladde, nder ladde ɓe tawoyi coofol maapinndiwol bee jaɓɓi, o wa’’i dow ton.	ɓe njehi ladde nder ladde ɓe tawoyi coofol maapinndiwol bee jaɓɓi o wa i dow ton	16	unknown
waxal_asr_b672c194854a43b0be89b5089699bfd7	data/fulfulde_run/audio/waxal_asr_b672c194854a43b0be89b5089699bfd7.wav	4.732	41.69	0.87	mbamnga nyaama haara waatonoya harde;	mbamnga nyaama haara waatonoya harde	5	unknown
waxal_asr_0ecbe5361121461698804822a9b33c43	data/fulfulde_run/audio/waxal_asr_0ecbe5361121461698804822a9b33c43.wav	6.219	45.84	0.88	subbanammi jaaral haa mi yuwa noorwa; noorwa moɗi Kennderel.	subbanammi jaaral haa mi yuwa noorwa noorwa moɗi kennderel	9	unknown
waxal_asr_ee5e6aa725a34fcd912b5ab989e88956	data/fulfulde_run/audio/waxal_asr_ee5e6aa725a34fcd912b5ab989e88956.wav	2.1	53.88	0.49	jiire wii :	jiire wii	2	unknown
waxal_asr_686a7e64639a4b6c853434e5fadfc68f	data/fulfulde_run/audio/waxal_asr_686a7e64639a4b6c853434e5fadfc68f.wav	2.417	47.53	0.86	Ngol timmi, haaɗi;	ngol timmi haaɗi	3	unknown
waxal_asr_d84efefe882c4caca11d58ea94a4e8af	data/fulfulde_run/audio/waxal_asr_d84efefe882c4caca11d58ea94a4e8af.wav	10.699	47.69	0.8	Jam, haa ɓe njaɓa mo, haa ɓiira o mooɓti yimɓe, ɓiira o yoɓi mo jawdi baaba maako goo kam pat o yobdi.	jam haa ɓe njaɓa mo haa ɓiira o mooɓti yimɓe ɓiira o yoɓi mo jawdi baaba maako goo kam pat o yobdi	22	unknown
waxal_asr_2409102dbf79451ca0cbf5ac370d5099	data/fulfulde_run/audio/waxal_asr_2409102dbf79451ca0cbf5ac370d5099.wav	6.78	53.52	0.7	Ɓe mbii booɗɗum : en kumpititto to o debbo, to naa o gorko.	ɓe mbii booɗɗum en kumpititto to o debbo to naa o gorko	12	unknown
waxal_asr_427f97760a2f47aa8efd55dddf093d53	data/fulfulde_run/audio/waxal_asr_427f97760a2f47aa8efd55dddf093d53.wav	11.166	49.87	0.81	O yehi o tawi Sammbo ɗon jooɗi jogi jaɓɓel. Jam : Sammbo hokkitam jalɓel am, to a yiɗi mi hokkite fistam;	o yehi o tawi sammbo ɗon jooɗi jogi jaɓɓel jam sammbo hokkitam jalɓel am to a yiɗi mi hokkite fistam	20	unknown
waxal_asr_4a6ec4a9bf0a4406a9dfc1088a8c49cf	data/fulfulde_run/audio/waxal_asr_4a6ec4a9bf0a4406a9dfc1088a8c49cf.wav	4.021	49.7	0.84	waande e teddugo mum nii mi fuutataa?	waande e teddugo mum nii mi fuutataa	7	unknown
waxal_asr_73a8e2715bf744c1a923ea5a26e943ef	data/fulfulde_run/audio/waxal_asr_73a8e2715bf744c1a923ea5a26e943ef.wav	2.76	39.21	0.78	Damaseere ɓesni ngaraa.	damaseere ɓesni ngaraa	3	unknown
waxal_asr_fe609c1eabc54337b64fc348d2766072	data/fulfulde_run/audio/waxal_asr_fe609c1eabc54337b64fc348d2766072.wav	8.022	47.92	0.79	Jam, yimɓe goo ɗon ngara, moy fuu warda bee gorko mum bee ndiyam e juldude.	jam yimɓe goo ɗon ngara moy fuu warda bee gorko mum bee ndiyam e juldude	15	unknown
waxal_asr_096e1e7157af40d993c7666c750378ba	data/fulfulde_run/audio/waxal_asr_096e1e7157af40d993c7666c750378ba.wav	13.14	50.71	0.8	kadi boo o wii : eftu, eftu, debbo efti, haa yaara e hoore non wii : to mi roondi ma ko ndokkataami, jo’’in, jo’’in, debbo jo’’ini.	kadi boo o wii eftu eftu debbo efti haa yaara e hoore non wii to mi roondi ma ko ndokkataami jo in jo in debbo jo ini	27	unknown
waxal_asr_060805d2302e4e399ed54112fc76c2f9	data/fulfulde_run/audio/waxal_asr_060805d2302e4e399ed54112fc76c2f9.wav	4.279	47.77	0.82	baaba goo wari, nasti  wii mo : umma, o ummi.	baaba goo wari nasti wii mo umma o ummi	9	unknown
waxal_asr_c19fe2f021cc43e1a99ec1d6728bc697	data/fulfulde_run/audio/waxal_asr_c19fe2f021cc43e1a99ec1d6728bc697.wav	3.72	51.78	0.75	Jam, ɓinngel goo nyeɗi ndiyam, huuci.	jam ɓinngel goo nyeɗi ndiyam huuci	6	unknown
waxal_asr_b0d501f4509c4c29a6d4093d28042e33	data/fulfulde_run/audio/waxal_asr_b0d501f4509c4c29a6d4093d28042e33.wav	6.272	45.48	0.82	ih naa mi nelno mo haa o nyeɗa ndiyam bee derke’en, ɗum waɗi mo?	ih naa mi nelno mo haa o nyeɗa ndiyam bee derke en ɗum waɗi mo	15	unknown
waxal_asr_9e4eb59c6b394374a89b7cc248f9f42c	data/fulfulde_run/audio/waxal_asr_9e4eb59c6b394374a89b7cc248f9f42c.wav	7.383	49.6	0.84	ɓiira ɓe caali fawww ɓe nasti maral baaba maako, ɓe mbii : naa o daɗi, o daɗi.	ɓiira ɓe caali fawww ɓe nasti maral baaba maako ɓe mbii naa o daɗi o daɗi	16	unknown
waxal_asr_c2074d5cfcfc40ad80fbf26d0c1ccd88	data/fulfulde_run/audio/waxal_asr_c2074d5cfcfc40ad80fbf26d0c1ccd88.wav	8.439	33.14	0.95	o fisti Mbuulu kam wa’’i, Mbuulu kam tiiti haa ladde nyaamuri’en, tiiti gal nyaamuri en ɗon dogga,	o fisti mbuulu kam wa i mbuulu kam tiiti haa ladde nyaamuri en tiiti gal nyaamuri en ɗon dogga	19	unknown
waxal_asr_e51203eabbab4085a7902f9dc0a3e0fa	data/fulfulde_run/audio/waxal_asr_e51203eabbab4085a7902f9dc0a3e0fa.wav	5.34	42.53	0.7	ɓe metto hunnde ɗoo goo, ɓe ƴakka kusel goo,	ɓe metto hunnde ɗoo goo ɓe ƴakka kusel goo	9	unknown
waxal_asr_125d0b36c53240f18c1a7a482b763264	data/fulfulde_run/audio/waxal_asr_125d0b36c53240f18c1a7a482b763264.wav	3.42	48.42	0.69	miin kam ɓe nyaamataa yam kam.	miin kam ɓe nyaamataa yam kam	6	unknown
waxal_asr_4e53e93dd155483a96c57be0bf1b91d9	data/fulfulde_run/audio/waxal_asr_4e53e93dd155483a96c57be0bf1b91d9.wav	13.273	51.73	0.76	Adda goo, nyalde nde ɗoo o wi’a ɗum : adda mi wara nge’e boo, mi seeka ɗum reedu mi laara, adda wii : to a seeki ko njareten?	adda goo nyalde nde ɗoo o wi a ɗum adda mi wara nge e boo mi seeka ɗum reedu mi laara adda wii to a seeki ko njareten	28	unknown
waxal_asr_e276a52148d14c5f84af75c0ccd1d96e	data/fulfulde_run/audio/waxal_asr_e276a52148d14c5f84af75c0ccd1d96e.wav	6.66	50.14	0.79	Laamɗo hooci adda wii ɓaŋi adda kam, laamɗo kam mari adda kadi.	laamɗo hooci adda wii ɓaŋi adda kam laamɗo kam mari adda kadi	12	unknown
waxal_asr_e0c98c84e28d43d8a410dbaf09889232	data/fulfulde_run/audio/waxal_asr_e0c98c84e28d43d8a410dbaf09889232.wav	7.11	43.63	0.87	Nde o faandi yimɓe nii, ɓinngel goo fuɗɗiti : Asta nduunya moɗi yam mi geeto;	nde o faandi yimɓe nii ɓinngel goo fuɗɗiti asta nduunya moɗi yam mi geeto	14	unknown
waxal_asr_1d8887cd5f824dfc90017d86c22c508e	data/fulfulde_run/audio/waxal_asr_1d8887cd5f824dfc90017d86c22c508e.wav	5.2	41.64	0.92	Haa wuro ɗoo kam naa jonta kam naa sakje ɓe mba’’tirta;	haa wuro ɗoo kam naa jonta kam naa sakje ɓe mba tirta	12	unknown
waxal_asr_05fce20a3daa4f779a9971d9a7c3a6dd	data/fulfulde_run/audio/waxal_asr_05fce20a3daa4f779a9971d9a7c3a6dd.wav	2.819	46.01	0.8	Barkaama o danyi gorko boo.	barkaama o danyi gorko boo	5	unknown
waxal_asr_af665cee0d324f2f9b1a5eaae0fffbb1	data/fulfulde_run/audio/waxal_asr_af665cee0d324f2f9b1a5eaae0fffbb1.wav	2.7	50.59	0.74	mo tawi ba ɓoyi ma weli;	mo tawi ba ɓoyi ma weli	6	unknown
waxal_asr_cb9fb1f7097c4c1d93139776413c0b3b	data/fulfulde_run/audio/waxal_asr_cb9fb1f7097c4c1d93139776413c0b3b.wav	2.317	44.52	0.78	Ɗum waɗan nduuɓu naa?	ɗum waɗan nduuɓu naa	4	unknown
waxal_asr_40fbb824e2044d7089fc160ec717e0c7	data/fulfulde_run/audio/waxal_asr_40fbb824e2044d7089fc160ec717e0c7.wav	2.309	59.36	0.75	Halleende yaadikko	halleende yaadikko	2	unknown
waxal_asr_5b95f22790c54d95b61f2aa86de2e171	data/fulfulde_run/audio/waxal_asr_5b95f22790c54d95b61f2aa86de2e171.wav	3.812	50.3	0.81	Ɓe ɗon ewno noorwa jey paha ɗoo kadi :	ɓe ɗon ewno noorwa jey paha ɗoo kadi	8	unknown
waxal_asr_855156894c3b47729836b45ad624d0eb	data/fulfulde_run/audio/waxal_asr_855156894c3b47729836b45ad624d0eb.wav	2.626	33.63	0.92	Neldimmi sotollo guma,	neldimmi sotollo guma	3	unknown
waxal_asr_5dc052ff67e8447c8d4143690278fbbc	data/fulfulde_run/audio/waxal_asr_5dc052ff67e8447c8d4143690278fbbc.wav	3.125	47.31	0.72	jigaaje nyaama kaara;	jigaaje nyaama kaara	3	unknown
waxal_asr_32f867432ce44ec580dba28a76bb00d0	data/fulfulde_run/audio/waxal_asr_32f867432ce44ec580dba28a76bb00d0.wav	5.4	50.28	0.71	Naa a dullu wirɓe, oo taɓɓito, oo taɓɓito.	naa a dullu wirɓe oo taɓɓito oo taɓɓito	8	unknown
waxal_asr_19a7984b7d8e48ddba4795a32674855d	data/fulfulde_run/audio/waxal_asr_19a7984b7d8e48ddba4795a32674855d.wav	16.442	53.36	0.73	mi yiɗi daygo, useni tinndinam no ɓe ndayrata, yoo wooɗi, coodaa leeɓol jur kebbina payangel, dey dey nyalɗe tati, nayaɓre man a tawan ɓinngel;	mi yiɗi daygo useni tinndinam no ɓe ndayrata yoo wooɗi coodaa leeɓol jur kebbina payangel dey dey nyalɗe tati nayaɓre man a tawan ɓinngel	24	unknown
waxal_asr_e6ece9f6ef3b4cb1ab84411ff186332b	data/fulfulde_run/audio/waxal_asr_e6ece9f6ef3b4cb1ab84411ff186332b.wav	14.795	36.41	0.89	ɓikkoy saare laamɗo ngari, o hoo’i kaŋŋeeri o hokki ɓikkoy goo, ɓikkoy goo ɗon njogi njehi nder saare laamɗo : moy hokki on, moy hokki on, minin kam debbo kuturuujo ɗoo hokki min.	ɓikkoy saare laamɗo ngari o hoo i kaŋŋeeri o hokki ɓikkoy goo ɓikkoy goo ɗon njogi njehi nder saare laamɗo moy hokki on moy hokki on minin kam debbo kuturuujo ɗoo hokki min	33	unknown
waxal_asr_a99bf798c3cf47f8950f731121864fd6	data/fulfulde_run/audio/waxal_asr_a99bf798c3cf47f8950f731121864fd6.wav	5.51	49.65	0.81	o wii : ko baa wii no, ko daa wii no, mi tikka mi naata ladde.	o wii ko baa wii no ko daa wii no mi tikka mi naata ladde	15	unknown
waxal_asr_0f8a1ce394b8492b949759627e0b9934	data/fulfulde_run/audio/waxal_asr_0f8a1ce394b8492b949759627e0b9934.wav	2.656	34.46	0.93	Yoo no gorko boo dayri?	yoo no gorko boo dayri	5	unknown
waxal_asr_0853943666b041ae8cbd3ba15f5cd306	data/fulfulde_run/audio/waxal_asr_0853943666b041ae8cbd3ba15f5cd306.wav	22.058	46.11	0.83	Suy debbo goo hokki poolel ɓinngel goo, poolel ɗon ɓiɗɗi haa bileeji ɗon fiira, ɗon fiira goo nii, yaali nder maayo nii non, suy yejjiti fiɗɗi bileehon muuɗum, suy ɓinngel do’’ake nder maayo, suy noorwa moɗi ɓinngel goo.	suy debbo goo hokki poolel ɓinngel goo poolel ɗon ɓiɗɗi haa bileeji ɗon fiira ɗon fiira goo nii yaali nder maayo nii non suy yejjiti fiɗɗi bileehon muuɗum suy ɓinngel do ake nder maayo suy noorwa moɗi ɓinngel goo	39	unknown
waxal_asr_5891509e32d546a4a2031d3c0a2100e5	data/fulfulde_run/audio/waxal_asr_5891509e32d546a4a2031d3c0a2100e5.wav	10.839	51.15	0.68	Baaba maagel boo bee na’i, jam bee puccu boo, innde maajum Mbuulu ɓe mbi’ata puccu maajum.	baaba maagel boo bee na i jam bee puccu boo innde maajum mbuulu ɓe mbi ata puccu maajum	18	unknown
waxal_asr_40992965327b4257912c04ea38927ac2	data/fulfulde_run/audio/waxal_asr_40992965327b4257912c04ea38927ac2.wav	3.98	52.98	0.73	to mi fisti ma Sammbo am a haɓɓatam;	to mi fisti ma sammbo am a haɓɓatam	8	unknown
waxal_asr_3e40bfaaad26428fb7bfc1db4e2f97de	data/fulfulde_run/audio/waxal_asr_3e40bfaaad26428fb7bfc1db4e2f97de.wav	2.46	52.03	0.8	ɗon saaɓna, ɗon saaɓna.	ɗon saaɓna ɗon saaɓna	4	unknown
waxal_asr_f1edb6d072004d1f8483450688482124	data/fulfulde_run/audio/waxal_asr_f1edb6d072004d1f8483450688482124.wav	4.173	30.02	0.94	haɓɓi ɗoo boo haa waddi haa kosɗe jey ɓaawo ɗoo,	haɓɓi ɗoo boo haa waddi haa kosɗe jey ɓaawo ɗoo	10	unknown
waxal_asr_68bd9ca168c64d9c999fb40f31458110	data/fulfulde_run/audio/waxal_asr_68bd9ca168c64d9c999fb40f31458110.wav	3.0	54.8	0.75	mo yeeso annoora laarataake;	mo yeeso annoora laarataake	4	unknown
waxal_asr_9862b7cd104345e39ace9646713d3204	data/fulfulde_run/audio/waxal_asr_9862b7cd104345e39ace9646713d3204.wav	6.42	47.74	0.8	ndimanammi njawdiri, njawdiri noonaandi mi yahrana cubboowo;	ndimanammi njawdiri njawdiri noonaandi mi yahrana cubboowo	7	unknown
waxal_asr_2efa9c3f85ed48a09d6e2eb618219fed	data/fulfulde_run/audio/waxal_asr_2efa9c3f85ed48a09d6e2eb618219fed.wav	7.697	37.99	0.9	Noorji goo ngurti haa nder ndiyam ngari kooci jiire goo njaari haa suudu muuɗum en.	noorji goo ngurti haa nder ndiyam ngari kooci jiire goo njaari haa suudu muuɗum en	15	unknown
waxal_asr_6faa15ef0d204e8db92d70d512c6af8a	data/fulfulde_run/audio/waxal_asr_6faa15ef0d204e8db92d70d512c6af8a.wav	9.346	46.77	0.84	Jam, kuuje keewi saare, o ɗon jooɗi maako kam sil nder dawla maako nii non, dawlaaji njaalti.	jam kuuje keewi saare o ɗon jooɗi maako kam sil nder dawla maako nii non dawlaaji njaalti	17	unknown
waxal_asr_10d71232fd9b40f0acd5228580e63855	data/fulfulde_run/audio/waxal_asr_10d71232fd9b40f0acd5228580e63855.wav	4.001	51.34	0.82	Jonta non ɗi nyiirti daaɗe goo kub!	jonta non ɗi nyiirti daaɗe goo kub	7	unknown
waxal_asr_f87789371beb496fac1665ece4209d47	data/fulfulde_run/audio/waxal_asr_f87789371beb496fac1665ece4209d47.wav	7.813	58.72	0.68	Lesdi wari haa cakaare, o wii kad doo : suka njaala mi njala mi;	lesdi wari haa cakaare o wii kad doo suka njaala mi njala mi	13	unknown
waxal_asr_1afa19cfea90462e99cab543fdaf0b3e	data/fulfulde_run/audio/waxal_asr_1afa19cfea90462e99cab543fdaf0b3e.wav	7.327	50.61	0.62	Jamwaali ɗon o efti maayɗo o yehi o wudinoyi.	jamwaali ɗon o efti maayɗo o yehi o wudinoyi	9	unknown
waxal_asr_a25c0e361f2240a7857b4fae264bbf46	data/fulfulde_run/audio/waxal_asr_a25c0e361f2240a7857b4fae264bbf46.wav	3.321	50.09	0.82	Ndaa jaɓanam ɗoo boo haa mi loro.	ndaa jaɓanam ɗoo boo haa mi loro	7	unknown
waxal_asr_bd35af3079454a7b80bb6a55a36a3228	data/fulfulde_run/audio/waxal_asr_bd35af3079454a7b80bb6a55a36a3228.wav	4.016	45.67	0.73	O wii : miin kam kosɗe ɗiɗi ngaddumi.	o wii miin kam kosɗe ɗiɗi ngaddumi	7	unknown
waxal_asr_f0430ec48c0640329c845a2c887676c5	data/fulfulde_run/audio/waxal_asr_f0430ec48c0640329c845a2c887676c5.wav	5.561	46.66	0.81	Kaŋum ma to fisti ngu haa yarna ɗoo, haɓre nii non non.	kaŋum ma to fisti ngu haa yarna ɗoo haɓre nii non non	12	unknown
waxal_asr_9c2a8ae5c9d94d2ca76c5b03bd177376	data/fulfulde_run/audio/waxal_asr_9c2a8ae5c9d94d2ca76c5b03bd177376.wav	4.45	38.58	0.85	Booɗɗum, huucu jamwaali ngara haa laɓaayam.	booɗɗum huucu jamwaali ngara haa laɓaayam	6	unknown
waxal_asr_e39ae609ea774abf9141e7017d3b9009	data/fulfulde_run/audio/waxal_asr_e39ae609ea774abf9141e7017d3b9009.wav	5.994	46.35	0.81	Jam, mo ɗon yaha goo non, mo yehi joldude Lumba- lumba goo,	jam mo ɗon yaha goo non mo yehi joldude lumba- lumba goo	12	unknown
waxal_asr_1a5452368bf3499799f0f59e2215d3bb	data/fulfulde_run/audio/waxal_asr_1a5452368bf3499799f0f59e2215d3bb.wav	3.24	59.4	0.73	Jam, ɓe njaari mo kadi, o wii yoo :	jam ɓe njaari mo kadi o wii yoo	8	unknown
waxal_asr_1360516e63ba484b98288e6ece0d6044	data/fulfulde_run/audio/waxal_asr_1360516e63ba484b98288e6ece0d6044.wav	8.328	43.92	0.81	Ɓe mbari ɗum ɓe pe’’i ɗum kele kele kele ɓe caɓɓini nder weendu ɓe ndilli.	ɓe mbari ɗum ɓe pe i ɗum kele kele kele ɓe caɓɓini nder weendu ɓe ndilli	16	unknown
waxal_asr_0b8e6635dcfb474db123623a84bfffac	data/fulfulde_run/audio/waxal_asr_0b8e6635dcfb474db123623a84bfffac.wav	4.839	44.16	0.89	Suy gorko wari nii, gorko yotti non wii :	suy gorko wari nii gorko yotti non wii	8	unknown
waxal_asr_f249aaf88d07411b889adf31daa08d7a	data/fulfulde_run/audio/waxal_asr_f249aaf88d07411b889adf31daa08d7a.wav	6.097	52.22	0.82	Jam, baaba goo seeri yaadikko goo, hooci daada wartiri;	jam baaba goo seeri yaadikko goo hooci daada wartiri	9	unknown
waxal_asr_000c0096d26b4993b6e5a59ed7714012	data/fulfulde_run/audio/waxal_asr_000c0096d26b4993b6e5a59ed7714012.wav	17.527	50.98	0.81	Ɓiira ɓinngel laamɗo debbo laamɗo goo doggi yehi do’’i dow kuturuujo goo, ɓinnngel laamɗo oo goo boo doggi yehi do’’oyi dow laamɗo, ɓe mbii : naa a yii duu, naa a yii duu.	ɓiira ɓinngel laamɗo debbo laamɗo goo doggi yehi do i dow kuturuujo goo ɓinnngel laamɗo oo goo boo doggi yehi do oyi dow laamɗo ɓe mbii naa a yii duu naa a yii duu	34	unknown
waxal_asr_2c4ddc75e1934fb0b9c8523cb2b65f0d	data/fulfulde_run/audio/waxal_asr_2c4ddc75e1934fb0b9c8523cb2b65f0d.wav	3.96	27.67	0.94	Wayyo maama am’en noorji ngare ngideeyam!	wayyo maama am en noorji ngare ngideeyam	7	unknown
waxal_asr_610624de170d43ce9899877a746e093c	data/fulfulde_run/audio/waxal_asr_610624de170d43ce9899877a746e093c.wav	19.065	48.73	0.76	Ɓe ngaroyi ɓe tawi mbooɗga ɗon waali, her o wari mbooɗga goo, o wallini paɗe maako, o hoo’i jaaral o tuggi dow paɗe, o waɗɗi laɓel o ɗisi, o wa’’iti lekki ba naane bee adda.	ɓe ngaroyi ɓe tawi mbooɗga ɗon waali her o wari mbooɗga goo o wallini paɗe maako o hoo i jaaral o tuggi dow paɗe o waɗɗi laɓel o ɗisi o wa iti lekki ba naane bee adda	37	unknown
waxal_asr_acddf8baaabc41c5b8d9d8975e591edf	data/fulfulde_run/audio/waxal_asr_acddf8baaabc41c5b8d9d8975e591edf.wav	5.04	54.43	0.62	Debbo danyi ɓinngel, ɓe inndi ngel Kennderel.	debbo danyi ɓinngel ɓe inndi ngel kennderel	7	unknown
waxal_asr_1ba4c64311d64fe6b73b297bcf5a401f	data/fulfulde_run/audio/waxal_asr_1ba4c64311d64fe6b73b297bcf5a401f.wav	6.46	44.55	0.71	O wii : ndaa ɗoo nii, ɓe uwi ngel, laamɗo goo jeeɗi.	o wii ndaa ɗoo nii ɓe uwi ngel laamɗo goo jeeɗi	11	unknown
waxal_asr_3262ef62bff2479aa9d88ada0fac6953	data/fulfulde_run/audio/waxal_asr_3262ef62bff2479aa9d88ada0fac6953.wav	4.504	37.01	0.88	njolli Mbuulu maako nder beembal kuroori.	njolli mbuulu maako nder beembal kuroori	6	unknown
waxal_asr_6314a8ccc7514fca96ac6688cf1b55db	data/fulfulde_run/audio/waxal_asr_6314a8ccc7514fca96ac6688cf1b55db.wav	4.08	55.84	0.54	taa saala non bee kumpa kam.	taa saala non bee kumpa kam	6	unknown
waxal_asr_1736ca1e28ea4cfd8ec34d848702efe3	data/fulfulde_run/audio/waxal_asr_1736ca1e28ea4cfd8ec34d848702efe3.wav	7.097	33.05	0.91	Noorwa hooci jiire goo ɗon eerina nder ndiyam goo kadi haa yaara mo haa gaɗa :	noorwa hooci jiire goo ɗon eerina nder ndiyam goo kadi haa yaara mo haa gaɗa	15	unknown
waxal_asr_b0ac3c1edd67434aa4b029f89b4c5733	data/fulfulde_run/audio/waxal_asr_b0ac3c1edd67434aa4b029f89b4c5733.wav	4.38	49.44	0.82	Baaba maako wii : kay! a waɗi kuugal, a waɗi kuugal.	baaba maako wii kay a waɗi kuugal a waɗi kuugal	10	unknown
waxal_asr_4b600c163d7a41a1b7fa64cdf2981023	data/fulfulde_run/audio/waxal_asr_4b600c163d7a41a1b7fa64cdf2981023.wav	2.769	40.75	0.83	Ndaa ngol too, ndaa ngol ɗoo.	ndaa ngol too ndaa ngol ɗoo	6	unknown
waxal_asr_8e90e90fbcda4110b5d51dac1d073a4f	data/fulfulde_run/audio/waxal_asr_8e90e90fbcda4110b5d51dac1d073a4f.wav	5.298	53.07	0.8	Kad doo ɓinngel goo wi’a mo yoo : suka njaala mi njala mi;	kad doo ɓinngel goo wi a mo yoo suka njaala mi njala mi	13	unknown
waxal_asr_3cc777dfc4ed45e28d4fb8c7ba5d344e	data/fulfulde_run/audio/waxal_asr_3cc777dfc4ed45e28d4fb8c7ba5d344e.wav	4.8	51.52	0.77	Yehi fotti bee mukoy ɗiɗi : ɓinngel to njaata?	yehi fotti bee mukoy ɗiɗi ɓinngel to njaata	8	unknown
waxal_asr_1e595b96c5b743ed83e3bbb7fd3dc3d0	data/fulfulde_run/audio/waxal_asr_1e595b96c5b743ed83e3bbb7fd3dc3d0.wav	12.54	46.98	0.83	O fotti bee mukoy jowi : ɓinngel to njahta? Mi mooroyto haa mututu gojoowa, ɗume ndildoton yam, ayyee dile, ayyee innu nii ko’e jowi?	o fotti bee mukoy jowi ɓinngel to njahta mi mooroyto haa mututu gojoowa ɗume ndildoton yam ayyee dile ayyee innu nii ko e jowi	24	unknown
waxal_asr_f2f327725bbc456db40232770496c022	data/fulfulde_run/audio/waxal_asr_f2f327725bbc456db40232770496c022.wav	2.64	35.79	0.9	mo kooli balitte ngarmi laargo;	mo kooli balitte ngarmi laargo	5	unknown
waxal_asr_d7d8d913332b49f1bb4df98f426fef14	data/fulfulde_run/audio/waxal_asr_d7d8d913332b49f1bb4df98f426fef14.wav	11.656	46.66	0.83	Jam, o dilli jahaangal goo o ɗali ɓinngel goo. Yaadikko goo ɗon hokka ngel kuuje ngel ɗon nyaama, ngel ɗon nyaama,	jam o dilli jahaangal goo o ɗali ɓinngel goo yaadikko goo ɗon hokka ngel kuuje ngel ɗon nyaama ngel ɗon nyaama	21	unknown
waxal_asr_b15ce77c50ed41e790e06ffe275e5ddc	data/fulfulde_run/audio/waxal_asr_b15ce77c50ed41e790e06ffe275e5ddc.wav	4.8	56.29	0.76	Jam, o wi’ata : goram Ibiraahim ngarmi laargo;	jam o wi ata goram ibiraahim ngarmi laargo	8	unknown
waxal_asr_330d2e021686455085be6cb6d10c8e64	data/fulfulde_run/audio/waxal_asr_330d2e021686455085be6cb6d10c8e64.wav	3.206	46.56	0.82	Asee an watta kuugal ban nii ɗoo?	asee an watta kuugal ban nii ɗoo	7	unknown
waxal_asr_2dec66091dec4e5296cbe952926c8318	data/fulfulde_run/audio/waxal_asr_2dec66091dec4e5296cbe952926c8318.wav	6.781	41.67	0.89	ɓiira ɓe nanngi mo ɓe do’’i mo ɗon, ɓe ceeki reedu maako, ɓe kooci ɓinngel goo.	ɓiira ɓe nanngi mo ɓe do i mo ɗon ɓe ceeki reedu maako ɓe kooci ɓinngel goo	17	unknown
waxal_asr_46c7d19efd294c6db326e097d5851d59	data/fulfulde_run/audio/waxal_asr_46c7d19efd294c6db326e097d5851d59.wav	13.247	43.06	0.87	O yehi o ɗaɓɓitoyi, o yehi o ƴamoyi ɓe mbii mo : ɗaɓɓitit njawdi mbaala, o ɗaɓɓiti njawdi mbaala o wari, o hoo’i njawdi mbaala o waddi saare.	o yehi o ɗaɓɓitoyi o yehi o ƴamoyi ɓe mbii mo ɗaɓɓitit njawdi mbaala o ɗaɓɓiti njawdi mbaala o wari o hoo i njawdi mbaala o waddi saare	28	unknown
waxal_asr_72e6750050f3475d82e1e0e81ff6c221	data/fulfulde_run/audio/waxal_asr_72e6750050f3475d82e1e0e81ff6c221.wav	3.097	48.19	0.83	Yahu Sato ɓinngel am, yahu sato;	yahu sato ɓinngel am yahu sato	6	unknown
waxal_asr_708beaf5d9b44996b40d072d0e36c3b7	data/fulfulde_run/audio/waxal_asr_708beaf5d9b44996b40d072d0e36c3b7.wav	11.39	50.12	0.79	To ɓe ngii o dilli nii, ɓe koo’a gaaraaji palleeji ɓe taarta nii ɓe kaɓɓana mo ɗi, taata ɓe kaɓɓira caatuɗum.	to ɓe ngii o dilli nii ɓe koo a gaaraaji palleeji ɓe taarta nii ɓe kaɓɓana mo ɗi taata ɓe kaɓɓira caatuɗum	22	unknown
waxal_asr_c39f087ee34f4a9e9d49a0b10ffc830e	data/fulfulde_run/audio/waxal_asr_c39f087ee34f4a9e9d49a0b10ffc830e.wav	2.521	40.88	0.86	haa o yejjita ka fuu nii,	haa o yejjita ka fuu nii	6	unknown
waxal_asr_0ea0f108611f452bac505aae3573107c	data/fulfulde_run/audio/waxal_asr_0ea0f108611f452bac505aae3573107c.wav	7.5	47.17	0.74	Ɓe njehi ɓe ɗon ngogga tummugel goo e hunnduko non, nga yibbiti.	ɓe njehi ɓe ɗon ngogga tummugel goo e hunnduko non nga yibbiti	12	unknown
waxal_asr_974b81c149f24996af2e5331998d3064	data/fulfulde_run/audio/waxal_asr_974b81c149f24996af2e5331998d3064.wav	3.087	40.77	0.89	e noy mbi’ata to ɗi ɗon ngara?	e noy mbi ata to ɗi ɗon ngara	8	unknown
waxal_asr_ba0c18d73275448fa73f2557bdfd82ab	data/fulfulde_run/audio/waxal_asr_ba0c18d73275448fa73f2557bdfd82ab.wav	9.606	55.74	0.76	Yoo, doggu yah, aan kam a faami, an woni innu goonga, doggu yah, to mi dilli kadi;	yoo doggu yah aan kam a faami an woni innu goonga doggu yah to mi dilli kadi	17	unknown
waxal_asr_1a0627edbf68498db8beebe037f738c5	data/fulfulde_run/audio/waxal_asr_1a0627edbf68498db8beebe037f738c5.wav	8.796	50.56	0.78	Yoo, suy poolel goo yehi haa luggere, dari ɗon yima fahin : luggere fuɗa ɓoore;	yoo suy poolel goo yehi haa luggere dari ɗon yima fahin luggere fuɗa ɓoore	14	unknown
waxal_asr_154a6037bb7946e88eb4eb226fad6508	data/fulfulde_run/audio/waxal_asr_154a6037bb7946e88eb4eb226fad6508.wav	4.331	50.97	0.76	Ɓe njooɗi nyalɗe tati paɓɓi, ɗi cankiti;	ɓe njooɗi nyalɗe tati paɓɓi ɗi cankiti	7	unknown
waxal_asr_68d6004ec593454ba865877b5f0b4aa4	data/fulfulde_run/audio/waxal_asr_68d6004ec593454ba865877b5f0b4aa4.wav	4.005	41.34	0.86	mi yottini nelal ma, mi yottini nelal ma;	mi yottini nelal ma mi yottini nelal ma	8	unknown
waxal_asr_4673e129d4b9447183507d53dc38fc1c	data/fulfulde_run/audio/waxal_asr_4673e129d4b9447183507d53dc38fc1c.wav	7.189	33.36	0.91	Ɓiira haa yimɓe goo pat, rewɓe wuro goo pat gardidi ndiyam e juldude.	ɓiira haa yimɓe goo pat rewɓe wuro goo pat gardidi ndiyam e juldude	13	unknown
waxal_asr_de696ef34a8b43f78ddc103982d2feef	data/fulfulde_run/audio/waxal_asr_de696ef34a8b43f78ddc103982d2feef.wav	2.525	52.02	0.7	ɗon ɗon tawnoomi ɗe.	ɗon ɗon tawnoomi ɗe	4	unknown
waxal_asr_d044ce0bce5744c39c5b14f48101c7e7	data/fulfulde_run/audio/waxal_asr_d044ce0bce5744c39c5b14f48101c7e7.wav	13.412	54.41	0.75	Go’’oore man, o tawi leeɓol nyoli, ɗiɗaɓre man o tawi waɗi gilɗi, tataɓre man o tawi nga tamake, nayaɓre man mo tawi ɓinngel	go oore man o tawi leeɓol nyoli ɗiɗaɓre man o tawi waɗi gilɗi tataɓre man o tawi nga tamake nayaɓre man mo tawi ɓinngel	24	unknown
waxal_asr_10fafc78ea9544b894bd3ad4edc6669f	data/fulfulde_run/audio/waxal_asr_10fafc78ea9544b894bd3ad4edc6669f.wav	8.025	41.41	0.88	Naa taa o haɓɓammi ɗon miin boo, jam, o walli ɓinngel goo kuugal ɓe ndefi;	naa taa o haɓɓammi ɗon miin boo jam o walli ɓinngel goo kuugal ɓe ndefi	15	unknown
waxal_asr_82e916ef6a5043afb49a028602ae4d33	data/fulfulde_run/audio/waxal_asr_82e916ef6a5043afb49a028602ae4d33.wav	2.58	48.49	0.83	Ɓe mba’’i bee adda, ɓe jippi.	ɓe mba i bee adda ɓe jippi	7	unknown
waxal_asr_0a1a224d0cbd47fcb3d436c8af25e0ac	data/fulfulde_run/audio/waxal_asr_0a1a224d0cbd47fcb3d436c8af25e0ac.wav	4.679	40.56	0.88	o ɓofti kurupi o waatani puldebbo nder ngaska ton,	o ɓofti kurupi o waatani puldebbo nder ngaska ton	9	unknown
waxal_asr_0cb3346c7d5d418f8053b76829608b74	data/fulfulde_run/audio/waxal_asr_0cb3346c7d5d418f8053b76829608b74.wav	4.05	49.58	0.77	Sanndi Nanndere goo wii : ɓinngel to njaata?	sanndi nanndere goo wii ɓinngel to njaata	7	unknown
waxal_asr_156a2fc6242644e9b01607456ac5314c	data/fulfulde_run/audio/waxal_asr_156a2fc6242644e9b01607456ac5314c.wav	9.601	41.4	0.87	Dawaaɗi baaba maako jowi, har jowi ɗoo o wii to o dilli ɓe kaɓɓira ɗi pallelwol taata ɓe kaɓɓira daande.	dawaaɗi baaba maako jowi har jowi ɗoo o wii to o dilli ɓe kaɓɓira ɗi pallelwol taata ɓe kaɓɓira daande	20	unknown
waxal_asr_b5b76795472642c2b3d3cc3082a54e95	data/fulfulde_run/audio/waxal_asr_b5b76795472642c2b3d3cc3082a54e95.wav	10.682	47.25	0.84	Suy ɓe ɗaɓɓiti yimɓe law-law ndilli ladde njehi kooci gorko goo, ɓe efti ɓe ngartiri saare ɓe mballini gorko.	suy ɓe ɗaɓɓiti yimɓe law-law ndilli ladde njehi kooci gorko goo ɓe efti ɓe ngartiri saare ɓe mballini gorko	19	unknown
waxal_asr_8c90c2a0864541caaa83cd8ed5ec647f	data/fulfulde_run/audio/waxal_asr_8c90c2a0864541caaa83cd8ed5ec647f.wav	2.607	44.96	0.88	Jiire ɗon ila, ɗon woya kadi :	jiire ɗon ila ɗon woya kadi	6	unknown
waxal_asr_f8b3b4ce5f96473d8b3f06e9f08e8e14	data/fulfulde_run/audio/waxal_asr_f8b3b4ce5f96473d8b3f06e9f08e8e14.wav	6.0	46.95	0.81	puldebbo goo fuuti, o fuuti non nii, ndoondi ƴummi fiiri dow,	puldebbo goo fuuti o fuuti non nii ndoondi ƴummi fiiri dow	11	unknown
waxal_asr_5d20994c5e8f4c9db4f88c6aff67e153	data/fulfulde_run/audio/waxal_asr_5d20994c5e8f4c9db4f88c6aff67e153.wav	4.38	56.97	0.56	Jam, mo dilli, ka waati	jam mo dilli ka waati	5	unknown
waxal_asr_7b2d3e6751ff48bf9678e4c3c5cb0efe	data/fulfulde_run/audio/waxal_asr_7b2d3e6751ff48bf9678e4c3c5cb0efe.wav	8.525	49.57	0.84	oh ɓe cemtan hannde, aa’a ngiɗaa non, cafti, hunnde fuu naa ƴaawan, naa ƴaawi.	oh ɓe cemtan hannde aa a ngiɗaa non cafti hunnde fuu naa ƴaawan naa ƴaawi	15	unknown
waxal_asr_aa1ca08dcc934f2cbaab0e9f013e66e6	data/fulfulde_run/audio/waxal_asr_aa1ca08dcc934f2cbaab0e9f013e66e6.wav	4.595	47.56	0.81	Mi tikka mi nasta ladde, mi tufan, o ɗon tufa jiire.	mi tikka mi nasta ladde mi tufan o ɗon tufa jiire	11	unknown
waxal_asr_75225762a50e402b91098e4e7f81c634	data/fulfulde_run/audio/waxal_asr_75225762a50e402b91098e4e7f81c634.wav	9.11	51.68	0.71	Oo wi’a yoo : miin wari waɗi ɗum, oo boo wi’a miin wari waɗi, oo boo wi’a miin wari waɗi.	oo wi a yoo miin wari waɗi ɗum oo boo wi a miin wari waɗi oo boo wi a miin wari waɗi	22	unknown
waxal_asr_23516b0c815f4d9cbb067e021b369636	data/fulfulde_run/audio/waxal_asr_23516b0c815f4d9cbb067e021b369636.wav	3.943	44.14	0.88	Nden ɓe loorto ɓe loowa nyaande nder ton.	nden ɓe loorto ɓe loowa nyaande nder ton	8	unknown
waxal_asr_7f065f8ea386459897b6ce4973535bd5	data/fulfulde_run/audio/waxal_asr_7f065f8ea386459897b6ce4973535bd5.wav	4.74	38.94	0.89	doore’en ɗon ngaɗa, mudaŋ’en boo ɗon ngaɗa.	doore en ɗon ngaɗa mudaŋ en boo ɗon ngaɗa	9	unknown
waxal_asr_7dd6ac3c32db4da4b96026811f0365ed	data/fulfulde_run/audio/waxal_asr_7dd6ac3c32db4da4b96026811f0365ed.wav	20.288	55.7	0.73	Buubel ɓuuti golel, celɓol tuppi, jigaawal wari yari ɓorɗe wostani waande, waande filnyiti, yibbi dow huunyaare, huunyaare fuuti, ladde jaɓi, ƴeende toɓi, maayo waddi.	buubel ɓuuti golel celɓol tuppi jigaawal wari yari ɓorɗe wostani waande waande filnyiti yibbi dow huunyaare huunyaare fuuti ladde jaɓi ƴeende toɓi maayo waddi	24	unknown
waxal_asr_dab255e94c5c47559e24aa0db9259092	data/fulfulde_run/audio/waxal_asr_dab255e94c5c47559e24aa0db9259092.wav	9.42	56.44	0.79	Yoo, doggu yaah, aan kam a faami, an woni innu goonga, doggu yah, to mi dilli kadi;	yoo doggu yaah aan kam a faami an woni innu goonga doggu yah to mi dilli kadi	17	unknown
waxal_asr_b30139ec1baf4c8490e82c4d73ecd6be	data/fulfulde_run/audio/waxal_asr_b30139ec1baf4c8490e82c4d73ecd6be.wav	22.62	50.81	0.86	Nde ɗi njottoyi caka cak ladde, mbarooga goo hoocoyi ɓinngel goo ɓe ndillidi haa nder ladde ɓe nyiɓi, ɓe ngaddana ɓinngel goo, ɓe ngaddana ɗum lelji nyaama, kuuje fuu nyaama, ɓe ngaddana ngel ngel nyaama, ɗume fuu ngel nyaama;	nde ɗi njottoyi caka cak ladde mbarooga goo hoocoyi ɓinngel goo ɓe ndillidi haa nder ladde ɓe nyiɓi ɓe ngaddana ɓinngel goo ɓe ngaddana ɗum lelji nyaama kuuje fuu nyaama ɓe ngaddana ngel ngel nyaama ɗume fuu ngel nyaama	39	unknown
waxal_asr_7e4375ecc4dd43a1ad65eb555b6aadfd	data/fulfulde_run/audio/waxal_asr_7e4375ecc4dd43a1ad65eb555b6aadfd.wav	12.221	47.9	0.71	ɗum ɗoo, mbofofa o hokka, o hokka ɓe, ɓe ndaara : siwaa siwaa siwaa tawon, en accu mo o ƴakka noome.	ɗum ɗoo mbofofa o hokka o hokka ɓe ɓe ndaara siwaa siwaa siwaa tawon en accu mo o ƴakka noome	20	unknown
waxal_asr_1d894050523b4bf38f2a5c6baac0db8e	data/fulfulde_run/audio/waxal_asr_1d894050523b4bf38f2a5c6baac0db8e.wav	11.554	52.22	0.77	Oh jonta ɗoo kam sak ɓe mba’’tirta, ɓe mbaaga ɓe mbaaga nder suudu haa towa ɓe puufa lekki.	oh jonta ɗoo kam sak ɓe mba tirta ɓe mbaaga ɓe mbaaga nder suudu haa towa ɓe puufa lekki	19	unknown
waxal_asr_6413028001534f6a87233004e215fd85	data/fulfulde_run/audio/waxal_asr_6413028001534f6a87233004e215fd85.wav	21.627	52.68	0.74	Suy, nde o dilli goo, jemma waɗi, laamɗo ewni maccuɓe koo’i juɗe leɗɗe cokki nder ton, dow ɓikkon goo njaɓni; ɓikkoy : wayyoo baaba min! Baaba min! Ɓiira baaba moyjo? Hannde a waati.	suy nde o dilli goo jemma waɗi laamɗo ewni maccuɓe koo i juɗe leɗɗe cokki nder ton dow ɓikkon goo njaɓni ɓikkoy wayyoo baaba min baaba min ɓiira baaba moyjo hannde a waati	33	unknown
waxal_asr_5f20c51a594443b693511418ccd2e182	data/fulfulde_run/audio/waxal_asr_5f20c51a594443b693511418ccd2e182.wav	9.045	47.37	0.8	O yehi o tawi ngilngu ngootu, o yehi o wii mallumjo, mallumjo wii mo o acca fahin.	o yehi o tawi ngilngu ngootu o yehi o wii mallumjo mallumjo wii mo o acca fahin	17	unknown
waxal_asr_eecd05879e0f403aac4aaf17c9946059	data/fulfulde_run/audio/waxal_asr_eecd05879e0f403aac4aaf17c9946059.wav	4.999	42.11	0.89	Taalel taatel, kuɗel gombel, caka fellere maama jaɓoowo;	taalel taatel kuɗel gombel caka fellere maama jaɓoowo	8	unknown
waxal_asr_49be804678d84e7fb53e942c5a3e773a	data/fulfulde_run/audio/waxal_asr_49be804678d84e7fb53e942c5a3e773a.wav	8.901	44.63	0.86	mi yahan mi mooroyo haa mututu gojoowa, yaadikko am mo wii mi mooroyo haa mututu gojoowa,	mi yahan mi mooroyo haa mututu gojoowa yaadikko am mo wii mi mooroyo haa mututu gojoowa	16	unknown
waxal_asr_042d8e5b6e5f43abb99dd55c5ccf6884	data/fulfulde_run/audio/waxal_asr_042d8e5b6e5f43abb99dd55c5ccf6884.wav	4.54	51.0	0.8	O wardi na’i, o wardi lutti sey adda maako.	o wardi na i o wardi lutti sey adda maako	10	unknown
waxal_asr_039689a755d6469c8beb33d202d06f10	data/fulfulde_run/audio/waxal_asr_039689a755d6469c8beb33d202d06f10.wav	4.62	55.64	0.78	Kad doo o fuɗɗita : suka njaala mi njala mi;	kad doo o fuɗɗita suka njaala mi njala mi	9	unknown
waxal_asr_ee558c242e8f4d93a6e8c70baec03784	data/fulfulde_run/audio/waxal_asr_ee558c242e8f4d93a6e8c70baec03784.wav	7.046	44.17	0.88	Gorko oo, o ɗon bee debbo maako, bee ɓiyiiko gorko gooto weete Sammboyel.	gorko oo o ɗon bee debbo maako bee ɓiyiiko gorko gooto weete sammboyel	13	unknown
waxal_asr_bf20f7664441407889b1871d0f7db10d	data/fulfulde_run/audio/waxal_asr_bf20f7664441407889b1871d0f7db10d.wav	4.254	49.97	0.84	mo yawo e junngo, mo sarde e tiinde;	mo yawo e junngo mo sarde e tiinde	8	unknown
waxal_asr_2f85f28005fa447b8550d18a30fcdd03	data/fulfulde_run/audio/waxal_asr_2f85f28005fa447b8550d18a30fcdd03.wav	10.484	40.98	0.92	Naa ndaa ɓunndu ndu, min nastini goɗɗo haa uftitano min wurtaaki, goɗɗo nasti haa humpito wurtaaki;	naa ndaa ɓunndu ndu min nastini goɗɗo haa uftitano min wurtaaki goɗɗo nasti haa humpito wurtaaki	16	unknown
waxal_asr_e19de38986404ed1b5ff70bb721fde73	data/fulfulde_run/audio/waxal_asr_e19de38986404ed1b5ff70bb721fde73.wav	4.575	25.49	0.93	o yehi haa laamɗo goo o ɗon ɓorni limce worɓeeje non,	o yehi haa laamɗo goo o ɗon ɓorni limce worɓeeje non	11	unknown
waxal_asr_230fab6b23f14dea9b42bf73d3c7c3ad	data/fulfulde_run/audio/waxal_asr_230fab6b23f14dea9b42bf73d3c7c3ad.wav	2.64	52.74	0.69	suka njaalta mi njala mi,	suka njaalta mi njala mi	5	unknown
waxal_asr_a3ddffb580cd46d9acd3c306f91904ef	data/fulfulde_run/audio/waxal_asr_a3ddffb580cd46d9acd3c306f91904ef.wav	6.345	50.34	0.79	o wi’ata : kayya laamɗo am, a nyaamaay fuu nii ƴama ɓinngel.	o wi ata kayya laamɗo am a nyaamaay fuu nii ƴama ɓinngel	12	unknown
waxal_asr_88e6468ecb134519b70c1cb78bfd88fa	data/fulfulde_run/audio/waxal_asr_88e6468ecb134519b70c1cb78bfd88fa.wav	11.334	51.53	0.76	O wii yoo : hunnde waɗ nde ndee kam, en ɗon nyalli wancugo nii, sil kumpitooɗen e nde woni.	o wii yoo hunnde waɗ nde ndee kam en ɗon nyalli wancugo nii sil kumpitooɗen e nde woni	18	unknown
waxal_asr_75c9f8c976db419490b207b8a236a56e	data/fulfulde_run/audio/waxal_asr_75c9f8c976db419490b207b8a236a56e.wav	3.12	57.7	0.79	Jam ɓe ngarti kadi, jiire wii :	jam ɓe ngarti kadi jiire wii	6	unknown
waxal_asr_d7bec817bf504ce295e582e88026c862	data/fulfulde_run/audio/waxal_asr_d7bec817bf504ce295e582e88026c862.wav	6.432	45.29	0.83	Ɓe mbii ɓe njippataako, o wii o jippataako : adda a jippataako?	ɓe mbii ɓe njippataako o wii o jippataako adda a jippataako	11	unknown
waxal_asr_4185f4b27e9d4c6a82a8ffe5df699556	data/fulfulde_run/audio/waxal_asr_4185f4b27e9d4c6a82a8ffe5df699556.wav	7.781	50.98	0.83	Yehi jooɗoy dow suudu daada ɓinngel goo, ɗon jooɗi, o waɗi gap gap, o wii :	yehi jooɗoy dow suudu daada ɓinngel goo ɗon jooɗi o waɗi gap gap o wii	15	unknown
waxal_asr_334497b758934cf1a9cbadc161638d5d	data/fulfulde_run/audio/waxal_asr_334497b758934cf1a9cbadc161638d5d.wav	3.47	40.2	0.84	Naa o ɗon yaha yimana puldebbo goo?	naa o ɗon yaha yimana puldebbo goo	7	unknown
waxal_asr_21e88bbea9884fa7ae0c4943adbcca91	data/fulfulde_run/audio/waxal_asr_21e88bbea9884fa7ae0c4943adbcca91.wav	8.681	42.94	0.88	Jam, ɓe koo’i baanooje kadi ɓe ɗon ngasa, ɓe ɗon ngasa, to ɓe nanngi wicco jiire goo nii, jiire wi’a :	jam ɓe koo i baanooje kadi ɓe ɗon ngasa ɓe ɗon ngasa to ɓe nanngi wicco jiire goo nii jiire wi a	22	unknown
waxal_asr_b69ef63c6fb1498b9e9c163f257c7b76	data/fulfulde_run/audio/waxal_asr_b69ef63c6fb1498b9e9c163f257c7b76.wav	14.88	53.08	0.76	Nden ɓinngel goo nasti, nyeɗi, nyeɗani ɓe, ɓe fuu haa ɓe timmi, ɓe ndonndi, ɓe tekki kamɓe ɓe kuuci ɓe ngaɗi nganyaandi kadi;	nden ɓinngel goo nasti nyeɗi nyeɗani ɓe ɓe fuu haa ɓe timmi ɓe ndonndi ɓe tekki kamɓe ɓe kuuci ɓe ngaɗi nganyaandi kadi	23	unknown
waxal_asr_d4114b8a9d8743c58ef7619f16719a57	data/fulfulde_run/audio/waxal_asr_d4114b8a9d8743c58ef7619f16719a57.wav	3.12	50.07	0.81	Jam, ɗum ɗon tokki, ɗum ɗon tokki.	jam ɗum ɗon tokki ɗum ɗon tokki	7	unknown
waxal_asr_af54b37e929a4fdba530133dd5803242	data/fulfulde_run/audio/waxal_asr_af54b37e929a4fdba530133dd5803242.wav	8.512	42.94	0.83	mo yehi mo jooɗi, mo ɗon layɓa non, ɓiira ginnawol nanngi daande nastini ndiyam;	mo yehi mo jooɗi mo ɗon layɓa non ɓiira ginnawol nanngi daande nastini ndiyam	14	unknown
waxal_asr_79cdde98e98b452689c8c6c2837f055d	data/fulfulde_run/audio/waxal_asr_79cdde98e98b452689c8c6c2837f055d.wav	4.86	46.7	0.75	Kad doo o waɗa : Hamman fooɗ Mbuulu; fooɗ Mbuulu;	kad doo o waɗa hamman fooɗ mbuulu fooɗ mbuulu	9	unknown
waxal_asr_da04367715f14b74908d7e782a882a15	data/fulfulde_run/audio/waxal_asr_da04367715f14b74908d7e782a882a15.wav	2.304	51.47	0.64	paɗe ma naa njani;	paɗe ma naa njani	4	unknown
waxal_asr_503577d391fc490ba33e688862959ba4	data/fulfulde_run/audio/waxal_asr_503577d391fc490ba33e688862959ba4.wav	4.271	47.97	0.77	Njaalaay boo keeci nguli, o ɗon yigga dubbe.	njaalaay boo keeci nguli o ɗon yigga dubbe	8	unknown
waxal_asr_0ad59d1cac7f48e29956e7015ccb58a5	data/fulfulde_run/audio/waxal_asr_0ad59d1cac7f48e29956e7015ccb58a5.wav	5.012	44.97	0.84	laamɗo wii : kayyaa! Bamdam’en taa peewaneeɗam.	laamɗo wii kayyaa bamdam en taa peewaneeɗam	7	unknown
waxal_asr_72b8c0eca86142b9a54230fda002403d	data/fulfulde_run/audio/waxal_asr_72b8c0eca86142b9a54230fda002403d.wav	11.578	50.87	0.71	Adda teɓa yaɓɓere woore mukko, teɓa woore lii’ano mo. Ɓe ɗon mura dow lekki, tulli no waɗa.	adda teɓa yaɓɓere woore mukko teɓa woore lii ano mo ɓe ɗon mura dow lekki tulli no waɗa	18	unknown
waxal_asr_b22b041099c7436fbc9d4283a09e7652	data/fulfulde_run/audio/waxal_asr_b22b041099c7436fbc9d4283a09e7652.wav	13.567	50.12	0.74	pupupupu nda, ndaa kusel maaɗa. A’aa hey mi wi’an ka bee guusa non, ƴakku kadi. Jam, jiire jaɓi kadi boo mukko.	pupupupu nda ndaa kusel maaɗa a aa hey mi wi an ka bee guusa non ƴakku kadi jam jiire jaɓi kadi boo mukko	23	unknown
waxal_asr_20e51eb580d4400a9e4ddd6e0d3cd092	data/fulfulde_run/audio/waxal_asr_20e51eb580d4400a9e4ddd6e0d3cd092.wav	2.243	27.32	0.93	haaɓe baaba maako, fuu o sali;	haaɓe baaba maako fuu o sali	6	unknown
waxal_asr_b357113f738f4a2f86f5bb8cb29ba6ae	data/fulfulde_run/audio/waxal_asr_b357113f738f4a2f86f5bb8cb29ba6ae.wav	2.769	44.73	0.87	noy giɗɗaa sam mi waɗane ?	noy giɗɗaa sam mi waɗane	5	unknown
waxal_asr_24b63c4808b04d2b91e5ea686e95d0ae	data/fulfulde_run/audio/waxal_asr_24b63c4808b04d2b91e5ea686e95d0ae.wav	24.291	51.44	0.8	Alla wayyoo ee suuno daada am goo maa halki yam, wayyoo nii nii, subahaanallaahi, taa wolwu daada am wartan, ɓiira o ɗon wolwa nii, o wii : njooɗe to daada am warti nii, ɗon wadda himɓe efta ɗum ndonnta;	alla wayyoo ee suuno daada am goo maa halki yam wayyoo nii nii subahaanallaahi taa wolwu daada am wartan ɓiira o ɗon wolwa nii o wii njooɗe to daada am warti nii ɗon wadda himɓe efta ɗum ndonnta	38	unknown
waxal_asr_2e12ad61c33f45f8b18e50b13ba5a994	data/fulfulde_run/audio/waxal_asr_2e12ad61c33f45f8b18e50b13ba5a994.wav	2.58	47.22	0.66	Kad doo o waɗa yeŋ.	kad doo o waɗa yeŋ	5	unknown
waxal_asr_7cf59fa54fd84d0cb80dcb8ce46de52c	data/fulfulde_run/audio/waxal_asr_7cf59fa54fd84d0cb80dcb8ce46de52c.wav	4.66	42.36	0.79	Ndee kam baaba maako dilli jahaangal nii non non,	ndee kam baaba maako dilli jahaangal nii non non	9	unknown
waxal_asr_ced34bd54c2e461eab176dd5e1f0d18e	data/fulfulde_run/audio/waxal_asr_ced34bd54c2e461eab176dd5e1f0d18e.wav	6.414	33.79	0.92	haɓɓi gal yeeso ɗoo, ɗali sey haa pellel jooɗoto tan, haɓɓi kolobaaji.	haɓɓi gal yeeso ɗoo ɗali sey haa pellel jooɗoto tan haɓɓi kolobaaji	12	unknown
waxal_asr_a045b2f343ab4e299749ea2273e96363	data/fulfulde_run/audio/waxal_asr_a045b2f343ab4e299749ea2273e96363.wav	2.917	30.33	0.92	Ɓe mbii : ndaa saare gorko man haa too.	ɓe mbii ndaa saare gorko man haa too	8	unknown
waxal_asr_3a36636edc1b496687c46f4ab591465d	data/fulfulde_run/audio/waxal_asr_3a36636edc1b496687c46f4ab591465d.wav	3.879	46.32	0.84	Ndaa ilaagol ban nii, to a wasi a tiɗɗan.	ndaa ilaagol ban nii to a wasi a tiɗɗan	9	unknown
waxal_asr_93fcbf2317ef4a309ebb336d15ae0566	data/fulfulde_run/audio/waxal_asr_93fcbf2317ef4a309ebb336d15ae0566.wav	14.311	43.31	0.87	O ƴami cubboowo jaaral, cubboowo wii : sey to a waddani yam njawdiri noonaandi mi fuɗɗa subbango ma jaaral heɓa njuwa noorwa.	o ƴami cubboowo jaaral cubboowo wii sey to a waddani yam njawdiri noonaandi mi fuɗɗa subbango ma jaaral heɓa njuwa noorwa	21	unknown
waxal_asr_4308d837858947e4ab36c5bbf40130d9	data/fulfulde_run/audio/waxal_asr_4308d837858947e4ab36c5bbf40130d9.wav	2.52	52.98	0.73	Yimɓe, ɓe ngaɗan naa?	yimɓe ɓe ngaɗan naa	4	unknown
waxal_asr_57ae8514ccb64d88b8267416c5ba8b46	data/fulfulde_run/audio/waxal_asr_57ae8514ccb64d88b8267416c5ba8b46.wav	3.086	39.55	0.92	Ɓe mbii : kay jottakam o loori,	ɓe mbii kay jottakam o loori	6	unknown
waxal_asr_2a9b6fdcc89c407488f16628eb9058e9	data/fulfulde_run/audio/waxal_asr_2a9b6fdcc89c407488f16628eb9058e9.wav	10.127	47.88	0.81	Adda wi’a mo seek, o seeka nge pap! O tokki o seekdi na’i fuu, lutti nagge woote ɓe ɗon njara.	adda wi a mo seek o seeka nge pap o tokki o seekdi na i fuu lutti nagge woote ɓe ɗon njara	22	unknown
waxal_asr_50a0c2937efd47b08ecf5ce0832636aa	data/fulfulde_run/audio/waxal_asr_50a0c2937efd47b08ecf5ce0832636aa.wav	4.094	59.37	0.77	Jam, o wii yoo : suka njaala mi njala mi;	jam o wii yoo suka njaala mi njala mi	9	unknown
waxal_asr_aa2eb9907591476789be5f3c5ffa4334	data/fulfulde_run/audio/waxal_asr_aa2eb9907591476789be5f3c5ffa4334.wav	3.908	41.31	0.85	nden o wii : naa miin weete Daari-Bano;	nden o wii naa miin weete daari-bano	7	unknown
waxal_asr_faea2ee803124f0fa8eb11aa149bea51	data/fulfulde_run/audio/waxal_asr_faea2ee803124f0fa8eb11aa149bea51.wav	9.464	49.04	0.71	Ɓe ngaɗi wosaaho ɓe njaari, o ɗumanaaki, o nyaamaay, o wii o yiɗaa.	ɓe ngaɗi wosaaho ɓe njaari o ɗumanaaki o nyaamaay o wii o yiɗaa	13	unknown
waxal_asr_d823917c175f4ecb8114a47d2ddfffa8	data/fulfulde_run/audio/waxal_asr_d823917c175f4ecb8114a47d2ddfffa8.wav	4.464	41.85	0.88	O wii : hm hm! Naa yimɓe kam debbo bee gorko.	o wii hm hm naa yimɓe kam debbo bee gorko	10	unknown
waxal_asr_d7518f1fc7e24f54b32ca71d1941e15b	data/fulfulde_run/audio/waxal_asr_d7518f1fc7e24f54b32ca71d1941e15b.wav	8.402	43.31	0.85	Puldebbo goo nani wi’ata : Alla am, ɗum sonndu nduyeeru nii wela-daandeeru ndu?	puldebbo goo nani wi ata alla am ɗum sonndu nduyeeru nii wela-daandeeru ndu	13	unknown
waxal_asr_e3918eeaeb3144a59bbbba3637e92ab2	data/fulfulde_run/audio/waxal_asr_e3918eeaeb3144a59bbbba3637e92ab2.wav	6.535	54.68	0.73	Baaba goo wii ɓinngel : umma, o wii mo : ɗum ummataako;	baaba goo wii ɓinngel umma o wii mo ɗum ummataako	10	unknown
waxal_asr_fddaa1d7471b4df99186742ca3152248	data/fulfulde_run/audio/waxal_asr_fddaa1d7471b4df99186742ca3152248.wav	15.763	47.87	0.84	O yuppi pat o jippini, o hoo’i gawel gootel o waati e tummugel o dilli, o ɗon yaha, o ɗon yaha, ɓiira o tawi maayo ɗon heewi teb, farawre ɗon yino ;	o yuppi pat o jippini o hoo i gawel gootel o waati e tummugel o dilli o ɗon yaha o ɗon yaha ɓiira o tawi maayo ɗon heewi teb farawre ɗon yino	32	unknown
waxal_asr_fa0d01c2077645eeb050bdabd9c39d94	data/fulfulde_run/audio/waxal_asr_fa0d01c2077645eeb050bdabd9c39d94.wav	11.18	53.19	0.81	Mboodi goo jaɓi, efti roondi mo o warti, o loowi ndiyam o noddi derkeejo ton fija haa laawol.	mboodi goo jaɓi efti roondi mo o warti o loowi ndiyam o noddi derkeejo ton fija haa laawol	18	unknown
waxal_asr_eb2b4e4763d142748255b23749697342	data/fulfulde_run/audio/waxal_asr_eb2b4e4763d142748255b23749697342.wav	6.428	29.84	0.94	kolobaaji ɗeeɗa ɗum taha ii’am, nii non non haa ɓe paandi wuro ɓe loorti.	kolobaaji ɗeeɗa ɗum taha ii am nii non non haa ɓe paandi wuro ɓe loorti	15	unknown
waxal_asr_44096fee704c4dfba05c46305c6a734f	data/fulfulde_run/audio/waxal_asr_44096fee704c4dfba05c46305c6a734f.wav	4.618	48.14	0.82	Jam, o ɓaditi : goram Ibiraahim ngarmi laargo;	jam o ɓaditi goram ibiraahim ngarmi laargo	7	unknown
waxal_asr_629b0d92c0a84b43994117f5bf1de3dd	data/fulfulde_run/audio/waxal_asr_629b0d92c0a84b43994117f5bf1de3dd.wav	8.097	43.22	0.87	Ɓe ngartoyi, derkeejo wartaay, baaba fajira fiyi bay bay bay bay bay,	ɓe ngartoyi derkeejo wartaay baaba fajira fiyi bay bay bay bay bay	12	unknown
waxal_asr_ea06668c14c24c24aceeb7ade8a1bb6d	data/fulfulde_run/audio/waxal_asr_ea06668c14c24c24aceeb7ade8a1bb6d.wav	3.657	37.22	0.9	mukoy  jeeɗiɗi goo wii : ɓinngel to njaata?	mukoy jeeɗiɗi goo wii ɓinngel to njaata	7	unknown
waxal_asr_339e726dc4014272bee041ea95d8b137	data/fulfulde_run/audio/waxal_asr_339e726dc4014272bee041ea95d8b137.wav	3.85	53.66	0.73	Neldimmi sotollo guma;	neldimmi sotollo guma	3	unknown
waxal_asr_0eac72093b0743c1bab40d27f449eeca	data/fulfulde_run/audio/waxal_asr_0eac72093b0743c1bab40d27f449eeca.wav	12.929	48.47	0.72	Debbo jooɗi ɗon woya, ɗon woya, ɗon woya, nden oya goo wi’ata mo yoo : taa woy, hokkam hunnde haa mi sennde e maako.	debbo jooɗi ɗon woya ɗon woya ɗon woya nden oya goo wi ata mo yoo taa woy hokkam hunnde haa mi sennde e maako	24	unknown
waxal_asr_e91a298e75ec4bf49eccf1e83d9354e7	data/fulfulde_run/audio/waxal_asr_e91a298e75ec4bf49eccf1e83d9354e7.wav	12.046	42.88	0.88	Ɓiira ɓe ɗon haa ɓe loorto non, o wii : aa’a, aa’a miin kam njahon mbi’on baaba am walaa mo ngiɗmi min kam kuturuujo on ngiɗ mi.	ɓiira ɓe ɗon haa ɓe loorto non o wii aa a aa a miin kam njahon mbi on baaba am walaa mo ngiɗmi min kam kuturuujo on ngiɗ mi	29	unknown
waxal_asr_a20055223033448882659c39b4d7674e	data/fulfulde_run/audio/waxal_asr_a20055223033448882659c39b4d7674e.wav	20.903	51.38	0.81	Ɓii laafungel goo wii yoo : oo ɗoo nasta en ngurtinan mo, en pooɗan mo ngurtinen,  a’aa gootel boo taɓɓiti wii yoo : a’aa ɓii laafuɗo to naati naa en ngurtinan ɗum, en pooɗan mo ngurtinen mo;	ɓii laafungel goo wii yoo oo ɗoo nasta en ngurtinan mo en pooɗan mo ngurtinen a aa gootel boo taɓɓiti wii yoo a aa ɓii laafuɗo to naati naa en ngurtinan ɗum en pooɗan mo ngurtinen mo	37	unknown
waxal_asr_3ffd75fc7c904654a35e9c38783813bf	data/fulfulde_run/audio/waxal_asr_3ffd75fc7c904654a35e9c38783813bf.wav	5.045	48.26	0.85	Naa nii duu o jippi, dawaaɗi ardini mo koori mo.	naa nii duu o jippi dawaaɗi ardini mo koori mo	10	unknown
waxal_asr_ad5a81d6390c4ecea45a0d81bf536cd7	data/fulfulde_run/audio/waxal_asr_ad5a81d6390c4ecea45a0d81bf536cd7.wav	3.131	32.5	0.93	Yoo jigaawal an ko njaranɗaa?	yoo jigaawal an ko njaranɗaa	5	unknown
waxal_asr_ff9efb3e806d43d98257bb62f9b3d6d7	data/fulfulde_run/audio/waxal_asr_ff9efb3e806d43d98257bb62f9b3d6d7.wav	14.28	52.03	0.68	Jam, pucci goo nguye fuu wara, ɓiira daro, wara daro, wara daro, wara daro, ɓiira pucci goo ɗon ndaaydini sera maayo.	jam pucci goo nguye fuu wara ɓiira daro wara daro wara daro wara daro ɓiira pucci goo ɗon ndaaydini sera maayo	21	unknown
waxal_asr_23393460203f4ee5b3827fddd4c9670a	data/fulfulde_run/audio/waxal_asr_23393460203f4ee5b3827fddd4c9670a.wav	4.741	52.84	0.7	yuppam, yuppam, to a yuppi yam jaraa mi,	yuppam yuppam to a yuppi yam jaraa mi	8	unknown
waxal_asr_2745d0676cb84d9a8267bbaea19c9d7e	data/fulfulde_run/audio/waxal_asr_2745d0676cb84d9a8267bbaea19c9d7e.wav	4.627	50.25	0.82	Kad doo o wallina ngel, o hoo’a ngel boo o wamnda.	kad doo o wallina ngel o hoo a ngel boo o wamnda	12	unknown
waxal_asr_d2281a980b4845288809e3e89f9e7579	data/fulfulde_run/audio/waxal_asr_d2281a980b4845288809e3e89f9e7579.wav	6.84	52.6	0.75	To weeti o wi’a adda maako yoo : mi seekan nagge men woote reedu.	to weeti o wi a adda maako yoo mi seekan nagge men woote reedu	14	unknown
waxal_asr_21bd2459e8794131a79a93ac87eae6f4	data/fulfulde_run/audio/waxal_asr_21bd2459e8794131a79a93ac87eae6f4.wav	4.43	46.88	0.74	Ɓiira ɓinngel goo wi’ata baaba : hokkam limce;	ɓiira ɓinngel goo wi ata baaba hokkam limce	8	unknown
waxal_asr_c01bbde21a944c03a8e0ca469f0378d2	data/fulfulde_run/audio/waxal_asr_c01bbde21a944c03a8e0ca469f0378d2.wav	6.864	48.96	0.87	kecco dayɗo mi jali ma, wari haa asaangal : suka njaala mi njala mi;	kecco dayɗo mi jali ma wari haa asaangal suka njaala mi njala mi	13	unknown
waxal_asr_00160872b231473294d648be7a434066	data/fulfulde_run/audio/waxal_asr_00160872b231473294d648be7a434066.wav	2.388	52.35	0.77	O war naane ɗon ɗon;	o war naane ɗon ɗon	5	unknown
waxal_asr_0dcbcb30e4de4f8d9eb2fd9307376b04	data/fulfulde_run/audio/waxal_asr_0dcbcb30e4de4f8d9eb2fd9307376b04.wav	10.384	49.97	0.73	Jam, ɓe ngaddi haako follere goo, o metti lonngere woore non, o wii o yiɗaa o haari.	jam ɓe ngaddi haako follere goo o metti lonngere woore non o wii o yiɗaa o haari	17	unknown
waxal_asr_7db3647a18d44990b6e4f74e83d4d280	data/fulfulde_run/audio/waxal_asr_7db3647a18d44990b6e4f74e83d4d280.wav	5.64	50.58	0.78	Yoo, njawdi dilli, rewɓe njaali mo : Hamma min ndillidi;	yoo njawdi dilli rewɓe njaali mo hamma min ndillidi	9	unknown
waxal_asr_26974f92b23e4aaa8464ba1b3be4969e	data/fulfulde_run/audio/waxal_asr_26974f92b23e4aaa8464ba1b3be4969e.wav	7.519	46.38	0.81	o efti haa o dillira dow hoore non, ndi wii : jo’’in, jo’’in, jo’’in, jo’’in.	o efti haa o dillira dow hoore non ndi wii jo in jo in jo in jo in	18	unknown
waxal_asr_720b91a66ba64d8b9ab5c1c385cd331e	data/fulfulde_run/audio/waxal_asr_720b91a66ba64d8b9ab5c1c385cd331e.wav	7.4	39.98	0.87	Baaba saare, bee saare mum, bee rewɓe mum ɗiɗo, debbo gooto danyi ɓinngel gootel ;	baaba saare bee saare mum bee rewɓe mum ɗiɗo debbo gooto danyi ɓinngel gootel	14	unknown
waxal_asr_7d452fadaa5b4bccb15e381ad3a7dfbf	data/fulfulde_run/audio/waxal_asr_7d452fadaa5b4bccb15e381ad3a7dfbf.wav	5.229	50.18	0.8	Haa! Nga wasa, nga wasi nii, ɗaɗi moɓto, o waɗi :	haa nga wasa nga wasi nii ɗaɗi moɓto o waɗi	10	unknown
waxal_asr_954d8ff745e84c0facff32ecc51130f9	data/fulfulde_run/audio/waxal_asr_954d8ff745e84c0facff32ecc51130f9.wav	12.78	54.54	0.77	Ni mbi’anmi ɗi kam : ɓulo- ɓuloongel ɓultake, to ibbe boo caaki maa, mbi’a : saɓɓo- saɓɓoongel saɓɓake;	ni mbi anmi ɗi kam ɓulo- ɓuloongel ɓultake to ibbe boo caaki maa mbi a saɓɓo- saɓɓoongel saɓɓake	18	unknown
waxal_asr_0bd2974072f54f72b02ef1ec78b95cff	data/fulfulde_run/audio/waxal_asr_0bd2974072f54f72b02ef1ec78b95cff.wav	6.348	50.21	0.7	Ɓe nasti ɓe maɓɓi, on nasti naa? ooho min nasti.	ɓe nasti ɓe maɓɓi on nasti naa ooho min nasti	10	unknown
waxal_asr_9a8f6c94fc2c4ecbbac431ee9e39c284	data/fulfulde_run/audio/waxal_asr_9a8f6c94fc2c4ecbbac431ee9e39c284.wav	12.649	45.81	0.84	Yoo, o yehi haa jawmu leeɓol, leeɓol hokki mo leeɓol o waddani corɓoowo sorɓi, hokki mo nyaande o yahrani wamnde.	yoo o yehi haa jawmu leeɓol leeɓol hokki mo leeɓol o waddani corɓoowo sorɓi hokki mo nyaande o yahrani wamnde	20	unknown
waxal_asr_9443383e6e93446fbf0e5293c62f30b1	data/fulfulde_run/audio/waxal_asr_9443383e6e93446fbf0e5293c62f30b1.wav	3.431	44.06	0.84	O wii : ɗume ngaddu noomi aran boo?	o wii ɗume ngaddu noomi aran boo	7	unknown
waxal_asr_0d8d2a92eafe413fb6f42a7a2f185139	data/fulfulde_run/audio/waxal_asr_0d8d2a92eafe413fb6f42a7a2f185139.wav	4.02	55.12	0.77	Suy daada maako ɗon woya, ɗon woya, ɗon woya.	suy daada maako ɗon woya ɗon woya ɗon woya	9	unknown
waxal_asr_331ba973b92b460ebc39427aaec50655	data/fulfulde_run/audio/waxal_asr_331ba973b92b460ebc39427aaec50655.wav	9.69	49.23	0.78	ɓe kaaydini ɓe mbii : yimɓe ɗon dow lekki ɗoo, laamɗo wii : mbi’e ɓe njippo, laamɗo wii ɓe njippo.	ɓe kaaydini ɓe mbii yimɓe ɗon dow lekki ɗoo laamɗo wii mbi e ɓe njippo laamɗo wii ɓe njippo	19	unknown
waxal_asr_a3b782e938264a9d8e4fb9951a24c7a6	data/fulfulde_run/audio/waxal_asr_a3b782e938264a9d8e4fb9951a24c7a6.wav	5.473	50.72	0.8	O wii : en mba’’o, ɓe mba’’i ɓe jooɗi bee adda goo.	o wii en mba o ɓe mba i ɓe jooɗi bee adda goo	13	unknown
waxal_asr_5601f43906644af08e392dff7cae0d58	data/fulfulde_run/audio/waxal_asr_5601f43906644af08e392dff7cae0d58.wav	4.98	45.3	0.72	Jam, ɓe mbi’a mo : ta’i jey Mbuulu ma boo naa?	jam ɓe mbi a mo ta i jey mbuulu ma boo naa	12	unknown
waxal_asr_6392830bd1164a598b76bbcd1b14ebc1	data/fulfulde_run/audio/waxal_asr_6392830bd1164a598b76bbcd1b14ebc1.wav	3.216	46.37	0.8	Ɓe keɗi : daada Damseere kuma;	ɓe keɗi daada damseere kuma	5	unknown
waxal_asr_79b33fe568e54a3d9eb4eeff9c76d1ab	data/fulfulde_run/audio/waxal_asr_79b33fe568e54a3d9eb4eeff9c76d1ab.wav	3.721	44.55	0.81	kad boo o siwti : e to ɓinngel am?	kad boo o siwti e to ɓinngel am	8	unknown
waxal_asr_45382bf36e9b40fc95a7761a8af58d59	data/fulfulde_run/audio/waxal_asr_45382bf36e9b40fc95a7761a8af58d59.wav	7.692	53.13	0.73	kolobaaru e heeɗo o suɓta o hokka Hamman o wi’a : he’i naa?	kolobaaru e heeɗo o suɓta o hokka hamman o wi a he i naa	14	unknown
waxal_asr_105c1a7896754d04914933d750500856	data/fulfulde_run/audio/waxal_asr_105c1a7896754d04914933d750500856.wav	3.876	28.01	0.93	Woodi gorko feere nii, innde maako Ibiraahim.	woodi gorko feere nii innde maako ibiraahim	7	unknown
waxal_asr_83cce8de868a4379b33283576655aa9b	data/fulfulde_run/audio/waxal_asr_83cce8de868a4379b33283576655aa9b.wav	3.022	37.63	0.89	Ɓunndu nduu yaalammi faa’I daande;	ɓunndu nduu yaalammi faa i daande	6	unknown
waxal_asr_8b991f8f722343118712359d49fb6618	data/fulfulde_run/audio/waxal_asr_8b991f8f722343118712359d49fb6618.wav	5.837	30.72	0.96	yah, Alla yaare jam, Alla wartire jam, a fottan bee saddi nanndere;	yah alla yaare jam alla wartire jam a fottan bee saddi nanndere	12	unknown
waxal_asr_7d1335e532d341cb90a5b2054458aa87	data/fulfulde_run/audio/waxal_asr_7d1335e532d341cb90a5b2054458aa87.wav	8.863	51.61	0.82	Ɓiira pucci goo ngara haa ndiwa goo non, ɓiira yollo nder maayo goo majja yilim.	ɓiira pucci goo ngara haa ndiwa goo non ɓiira yollo nder maayo goo majja yilim	15	unknown
waxal_asr_a000f7ead1224ae6836bf7c555737e22	data/fulfulde_run/audio/waxal_asr_a000f7ead1224ae6836bf7c555737e22.wav	5.772	31.08	0.93	Jam, o yowi dow puccu goo, o wii yoo o dilli laaroygo duuniya.	jam o yowi dow puccu goo o wii yoo o dilli laaroygo duuniya	13	unknown
waxal_asr_91046066394e47f89a19114a01f585f4	data/fulfulde_run/audio/waxal_asr_91046066394e47f89a19114a01f585f4.wav	5.24	23.18	0.95	Dundeeje, dundeeje, daada walaa duuniya, baabayel konu ;	dundeeje dundeeje daada walaa duuniya baabayel konu	7	unknown
waxal_asr_4cc90014b76a4210b3c86a86b4902532	data/fulfulde_run/audio/waxal_asr_4cc90014b76a4210b3c86a86b4902532.wav	3.797	38.57	0.87	Gorko oo, o ɗon nder naange raneeye.	gorko oo o ɗon nder naange raneeye	7	unknown
waxal_asr_a13c38a3830a46a5b1c87df618e2ab21	data/fulfulde_run/audio/waxal_asr_a13c38a3830a46a5b1c87df618e2ab21.wav	6.494	41.39	0.87	O wii adda : en mba’’o, adda wii : ɓii daada am ginnawol ɗon mba’’ooɗen?	o wii adda en mba o adda wii ɓii daada am ginnawol ɗon mba ooɗen	15	unknown
waxal_asr_176576d5149247378bb12b15e6198cde	data/fulfulde_run/audio/waxal_asr_176576d5149247378bb12b15e6198cde.wav	8.623	30.56	0.92	On boo nyeɗi, nyeɗi, nyeɗi haa derke’en fuu timmi fuu acci sil Daari-Bano ɗon jooɗi, hultori wargo.	on boo nyeɗi nyeɗi nyeɗi haa derke en fuu timmi fuu acci sil daari-bano ɗon jooɗi hultori wargo	18	unknown
waxal_asr_c916a246aec24355b464ec9e4e1faa43	data/fulfulde_run/audio/waxal_asr_c916a246aec24355b464ec9e4e1faa43.wav	16.912	50.56	0.8	Ɓe ngadda haako ɓusko goo ɓe mballina nii nii, ɓe mo’’ina, ɓe ngadda lesdi ɓe uwa ɓe maɓɓa, ɓe tiɗɗa, ɓe ɓoftoya lesdi, ɓe njoora waago nii, bana loope pusi goo.	ɓe ngadda haako ɓusko goo ɓe mballina nii nii ɓe mo ina ɓe ngadda lesdi ɓe uwa ɓe maɓɓa ɓe tiɗɗa ɓe ɓoftoya lesdi ɓe njoora waago nii bana loope pusi goo	32	unknown
waxal_asr_32b641dffc954a3ba731a1ab808a6c51	data/fulfulde_run/audio/waxal_asr_32b641dffc954a3ba731a1ab808a6c51.wav	5.352	36.5	0.79	Baaba am nanani yam ko colel ladde wi’atammi naa?	baaba am nanani yam ko colel ladde wi atammi naa	10	unknown
waxal_asr_1a6cd81012f84d4d9635b981abb53e7d	data/fulfulde_run/audio/waxal_asr_1a6cd81012f84d4d9635b981abb53e7d.wav	7.082	29.32	0.96	A tawan mututu gojoowa ɗon saɓɓi enndu wooru waalori, wooru boo o ɗon waɗi daŋki;	a tawan mututu gojoowa ɗon saɓɓi enndu wooru waalori wooru boo o ɗon waɗi daŋki	15	unknown
waxal_asr_6bf67e4995a94abb837dea08583ae6a8	data/fulfulde_run/audio/waxal_asr_6bf67e4995a94abb837dea08583ae6a8.wav	7.565	35.42	0.89	jam, baaba goo taaɓi mo tap, tufi mo yiitere, seeki saare wurti mo, seeri mo.	jam baaba goo taaɓi mo tap tufi mo yiitere seeki saare wurti mo seeri mo	15	unknown
waxal_asr_9ca76ba2ba8944e48b7b2765a911ed03	data/fulfulde_run/audio/waxal_asr_9ca76ba2ba8944e48b7b2765a911ed03.wav	7.83	47.12	0.81	ɓe ndokki mo hunnde ɗuunde o jaɓi o wari o nastini suudu gorko o sigi.	ɓe ndokki mo hunnde ɗuunde o jaɓi o wari o nastini suudu gorko o sigi	15	unknown
waxal_asr_8de9ae01981b4c0d9e42f58527db5302	data/fulfulde_run/audio/waxal_asr_8de9ae01981b4c0d9e42f58527db5302.wav	13.487	51.23	0.8	jiire goo ɗon jooɗi nii non nii, o tufa jiire paraf! Adda goo boo wi’a mo yoo : taa taa tuf ɓii daada am, naa jawmu karal accataa en.	jiire goo ɗon jooɗi nii non nii o tufa jiire paraf adda goo boo wi a mo yoo taa taa tuf ɓii daada am naa jawmu karal accataa en	29	unknown
waxal_asr_fcf03b0500204564abdbc6ab7c0959a3	data/fulfulde_run/audio/waxal_asr_fcf03b0500204564abdbc6ab7c0959a3.wav	7.507	48.17	0.78	Kad boo ɓe mbi’a : naa haa wuro ngoo, yeeso. Kad boo nga yaha yeeso :	kad boo ɓe mbi a naa haa wuro ngoo yeeso kad boo nga yaha yeeso	15	unknown
waxal_asr_4d339c5899884d82be856e3a2cadb447	data/fulfulde_run/audio/waxal_asr_4d339c5899884d82be856e3a2cadb447.wav	4.154	26.87	0.93	Puldebbo wii : miin kam mi anndaa e ngonmi jooni kam.	puldebbo wii miin kam mi anndaa e ngonmi jooni kam	10	unknown
waxal_asr_460eb4167a804c1eb1389dcd5bea83af	data/fulfulde_run/audio/waxal_asr_460eb4167a804c1eb1389dcd5bea83af.wav	5.467	54.5	0.75	Innu kam taadi Mbuulu kam pat kolobaaji bee keeɗe,	innu kam taadi mbuulu kam pat kolobaaji bee keeɗe	9	unknown
waxal_asr_b30482238bd74bfab445b95aea04c649	data/fulfulde_run/audio/waxal_asr_b30482238bd74bfab445b95aea04c649.wav	7.02	45.97	0.77	ɓe tato pat ɓe ngurtaaki, min ngaɗi ɓoggol haa min cafti ɓe ngurtaaki;	ɓe tato pat ɓe ngurtaaki min ngaɗi ɓoggol haa min cafti ɓe ngurtaaki	13	unknown
waxal_asr_5db785a7d1dd4acdb333e184f9f11ea9	data/fulfulde_run/audio/waxal_asr_5db785a7d1dd4acdb333e184f9f11ea9.wav	8.235	48.5	0.75	Ɓiira debbo goo siwti, yiiwi puccu muuɗum goo, ɓiira wa’’i dow puccu muuɗum.	ɓiira debbo goo siwti yiiwi puccu muuɗum goo ɓiira wa i dow puccu muuɗum	14	unknown
waxal_asr_4060be99075d4abea4888be4988c5497	data/fulfulde_run/audio/waxal_asr_4060be99075d4abea4888be4988c5497.wav	6.48	55.22	0.82	Jam, debbo Ibrahim goo wi’ata : gora Ibiraahim laarataake;	jam debbo ibrahim goo wi ata gora ibiraahim laarataake	9	unknown
waxal_asr_cba774fb644d4c14837b16cb636c681d	data/fulfulde_run/audio/waxal_asr_cba774fb644d4c14837b16cb636c681d.wav	7.22	48.22	0.82	ko waddu ma haa ɗoo? ɓinngel goo wii : ko waddimmi haa ɗoo naa?	ko waddu ma haa ɗoo ɓinngel goo wii ko waddimmi haa ɗoo naa	13	unknown
waxal_asr_aebe86ba88424b708615636a358c47ed	data/fulfulde_run/audio/waxal_asr_aebe86ba88424b708615636a358c47ed.wav	13.541	45.62	0.8	Derke’en goo, ɗon nyeɗa, ɗon nyeɗa o wii : mbelkoy am ndokkoreeɗam ndiyam, ɓikkoy goo nyeɗi ndiyam ngaddi, o jaɓi o yari;	derke en goo ɗon nyeɗa ɗon nyeɗa o wii mbelkoy am ndokkoreeɗam ndiyam ɓikkoy goo nyeɗi ndiyam ngaddi o jaɓi o yari	22	unknown
waxal_asr_d7756a518a4b4c4b971fc05a4e148fb0	data/fulfulde_run/audio/waxal_asr_d7756a518a4b4c4b971fc05a4e148fb0.wav	2.64	52.69	0.75	Moy mari paanyo liyel;	moy mari paanyo liyel	4	unknown
waxal_asr_2d82fe5155c54c02a7b7e0802bd58b8d	data/fulfulde_run/audio/waxal_asr_2d82fe5155c54c02a7b7e0802bd58b8d.wav	2.456	51.65	0.84	Daada walaa, baaba walaa.	daada walaa baaba walaa	4	unknown
waxal_asr_9ff3851ef15a4d8188f18689428eb966	data/fulfulde_run/audio/waxal_asr_9ff3851ef15a4d8188f18689428eb966.wav	8.82	44.13	0.86	Weeti fajira, o wii yoo kala debbo e wuro maako pat, wara warda bee ndiyam e juldude.	weeti fajira o wii yoo kala debbo e wuro maako pat wara warda bee ndiyam e juldude	17	unknown
waxal_asr_0629d6edc7314ad1acb19bcb755bbfe3	data/fulfulde_run/audio/waxal_asr_0629d6edc7314ad1acb19bcb755bbfe3.wav	2.069	51.19	0.76	naa kosɗe tati naa?	naa kosɗe tati naa	4	unknown
waxal_asr_912381e72cc8431fb8455d9a867e4468	data/fulfulde_run/audio/waxal_asr_912381e72cc8431fb8455d9a867e4468.wav	9.53	45.72	0.75	Kaŋum kam ɓe njo’’in ɗum haa saare non, ɓe ngaataay ɗum nder beembal, ɗon jooɗi nder saare goo.	kaŋum kam ɓe njo in ɗum haa saare non ɓe ngaataay ɗum nder beembal ɗon jooɗi nder saare goo	19	unknown
waxal_asr_6890fa5a0b3b41f9802540eb91f530c0	data/fulfulde_run/audio/waxal_asr_6890fa5a0b3b41f9802540eb91f530c0.wav	3.78	49.34	0.71	Bilaali ngamngam; Bilaali ngamngam;	bilaali ngamngam bilaali ngamngam	4	unknown
waxal_asr_f95910e1a277440d9b48caa4e7c11e4a	data/fulfulde_run/audio/waxal_asr_f95910e1a277440d9b48caa4e7c11e4a.wav	14.52	52.75	0.82	ɓinngel to njaata? Hh? Alla yiini yam mukoy tati, ko ndildataami?  Mi mooroyoto haa mututu gojoowa, daada am wii mi mooroyo haa mututu gojoowa	ɓinngel to njaata hh alla yiini yam mukoy tati ko ndildataami mi mooroyoto haa mututu gojoowa daada am wii mi mooroyo haa mututu gojoowa	24	unknown
waxal_asr_bd925cc87ed7455ea69102265389dbb8	data/fulfulde_run/audio/waxal_asr_bd925cc87ed7455ea69102265389dbb8.wav	18.95	49.03	0.83	Tuggere wii yoo : ndaa ɗum joorɗum koltikoloŋ, sonaa to ƴeende toɓi, luggere man miin doo mi heewa ndiyam, suy ɓoore fuɗa, baali nyaama kaara. Kadi boo o yehi o ɗon dari non toro non :	tuggere wii yoo ndaa ɗum joorɗum koltikoloŋ sonaa to ƴeende toɓi luggere man miin doo mi heewa ndiyam suy ɓoore fuɗa baali nyaama kaara kadi boo o yehi o ɗon dari non toro non	34	unknown
waxal_asr_419a92ebe84242dabae0e15303f1cca8	data/fulfulde_run/audio/waxal_asr_419a92ebe84242dabae0e15303f1cca8.wav	7.74	47.52	0.8	O efti haa o roondo ɗum sali, o wii : Alla am hokkam mi nii ndoondoowo,	o efti haa o roondo ɗum sali o wii alla am hokkam mi nii ndoondoowo	15	unknown
waxal_asr_82580fbc18fc4b64b1ef797a50cdb07c	data/fulfulde_run/audio/waxal_asr_82580fbc18fc4b64b1ef797a50cdb07c.wav	3.72	51.03	0.73	Asta nduunya moɗi yam mi geeto;	asta nduunya moɗi yam mi geeto	6	unknown
waxal_asr_c120300bb5294ee4b3f9265a5bd31867	data/fulfulde_run/audio/waxal_asr_c120300bb5294ee4b3f9265a5bd31867.wav	9.396	56.28	0.85	Jam, ɓinngel yehi tawi suudu ɗon ranwa, doggi wari, nga waati ngel ɗon nga waalori ɗon	jam ɓinngel yehi tawi suudu ɗon ranwa doggi wari nga waati ngel ɗon nga waalori ɗon	16	unknown
waxal_asr_9e667c95be1849849bde7d34c000a1f8	data/fulfulde_run/audio/waxal_asr_9e667c95be1849849bde7d34c000a1f8.wav	6.474	27.23	0.93	hunnde saare baaba maako fuu o wii hunnde saare gorko fuu o wiii mboodi sali.	hunnde saare baaba maako fuu o wii hunnde saare gorko fuu o wiii mboodi sali	15	unknown
waxal_asr_e2febe28eb4e4f9d93ccac33ac7fa906	data/fulfulde_run/audio/waxal_asr_e2febe28eb4e4f9d93ccac33ac7fa906.wav	4.38	59.97	0.65	Ɓunndu nduu yaalammi faa’i daande;	ɓunndu nduu yaalammi faa i daande	6	unknown
waxal_asr_009d36a54d5e43b2998c5b5cdcb6aa23	data/fulfulde_run/audio/waxal_asr_009d36a54d5e43b2998c5b5cdcb6aa23.wav	12.942	45.67	0.86	O wii : waddu duweere ngaɗa, o waddi duweere o waɗi. Jam, duweere wooji, o hooci o tiggi e yitere Asta Ndoonya goo.	o wii waddu duweere ngaɗa o waddi duweere o waɗi jam duweere wooji o hooci o tiggi e yitere asta ndoonya goo	22	unknown
waxal_asr_9f190442434c449295dd9c70cf718a68	data/fulfulde_run/audio/waxal_asr_9f190442434c449295dd9c70cf718a68.wav	9.256	48.1	0.82	To mi roondi ma mi ɗon nela mo bee sappa maako’en o wara o nyeɗa ndiyam, to o wari nannga mo.	to mi roondi ma mi ɗon nela mo bee sappa maako en o wara o nyeɗa ndiyam to o wari nannga mo	22	unknown
waxal_asr_24ae64046b4e41aa97b311a77e583c5f	data/fulfulde_run/audio/waxal_asr_24ae64046b4e41aa97b311a77e583c5f.wav	8.488	53.08	0.78	Suy, o yehi o silmini e laamɗo, laamɗo jaɓi : ɗum an ɗume? ɗum an moy?	suy o yehi o silmini e laamɗo laamɗo jaɓi ɗum an ɗume ɗum an moy	15	unknown
waxal_asr_2511fdf0772842298e8a6093e0991ed3	data/fulfulde_run/audio/waxal_asr_2511fdf0772842298e8a6093e0991ed3.wav	4.368	50.34	0.78	Kanko kam ɓoyma o heɓi o hettiri gaɗa.	kanko kam ɓoyma o heɓi o hettiri gaɗa	8	unknown
waxal_asr_3156805a6aea472aae28768a8c859962	data/fulfulde_run/audio/waxal_asr_3156805a6aea472aae28768a8c859962.wav	2.58	25.48	0.98	Jawmu karal loorti dilli,	jawmu karal loorti dilli	4	unknown
waxal_asr_49dfabf7084d42a9a0c35b6127e8cb03	data/fulfulde_run/audio/waxal_asr_49dfabf7084d42a9a0c35b6127e8cb03.wav	2.34	53.98	0.77	ƴeende toɓa helta;	ƴeende toɓa helta	3	unknown
waxal_asr_f80ff1f0a5d544c69001b95d95df173d	data/fulfulde_run/audio/waxal_asr_f80ff1f0a5d544c69001b95d95df173d.wav	7.191	36.01	0.91	Jam o ɗon dari goo, lesdi ɗon muta haa kosɗe maako, lesdi wari haa holɓunde maako.	jam o ɗon dari goo lesdi ɗon muta haa kosɗe maako lesdi wari haa holɓunde maako	16	unknown
waxal_asr_b28192c740f94567ab4bf9852e0d1e94	data/fulfulde_run/audio/waxal_asr_b28192c740f94567ab4bf9852e0d1e94.wav	6.969	37.68	0.89	Adda wi’a mo yoo : ɓii daada am baaba maayi accani en haa njaren kosam.	adda wi a mo yoo ɓii daada am baaba maayi accani en haa njaren kosam	15	unknown
waxal_asr_17df90ede0564c41b724442010f8cd26	data/fulfulde_run/audio/waxal_asr_17df90ede0564c41b724442010f8cd26.wav	4.039	53.99	0.73	mukoy nayi goo wii : ɓinngel to njaata?	mukoy nayi goo wii ɓinngel to njaata	7	unknown
waxal_asr_be8c8eea77a24edb9b8c1f3d35692db2	data/fulfulde_run/audio/waxal_asr_be8c8eea77a24edb9b8c1f3d35692db2.wav	4.945	32.51	0.89	Yaadikko ɗon jooɗi garngarni e saare ɗon heɗi kadi.	yaadikko ɗon jooɗi garngarni e saare ɗon heɗi kadi	9	unknown
waxal_asr_b099bbbecb034baf9863c982723ab91d	data/fulfulde_run/audio/waxal_asr_b099bbbecb034baf9863c982723ab91d.wav	3.192	45.5	0.84	jiire, geeraaɗe ɗoo ɗon naa?	jiire geeraaɗe ɗoo ɗon naa	5	unknown
waxal_asr_bd8f32a87c63484d8b1b653b45c6e2ed	data/fulfulde_run/audio/waxal_asr_bd8f32a87c63484d8b1b653b45c6e2ed.wav	4.5	53.32	0.65	Takala mulus, takkaande mus	takala mulus takkaande mus	4	unknown
waxal_asr_1d9a1dd6dff94ad1a3dc99f4d6929224	data/fulfulde_run/audio/waxal_asr_1d9a1dd6dff94ad1a3dc99f4d6929224.wav	5.181	41.71	0.86	O wii : booɗɗum, to ngam kaa kam, mi heɓtanan mo ndee.	o wii booɗɗum to ngam kaa kam mi heɓtanan mo ndee	11	unknown
waxal_asr_57b1cb94a3124b0ba86f67e34674ef57	data/fulfulde_run/audio/waxal_asr_57b1cb94a3124b0ba86f67e34674ef57.wav	9.733	48.49	0.81	Yowwaa! kadi boo o ɗon dilla nii, kad boo o wii : kadi ƴam kakkan tan suy ɗum anndal?	yowwaa kadi boo o ɗon dilla nii kad boo o wii kadi ƴam kakkan tan suy ɗum anndal	18	unknown
waxal_asr_8c3202b6855145b7a740930884b08568	data/fulfulde_run/audio/waxal_asr_8c3202b6855145b7a740930884b08568.wav	7.26	41.46	0.86	Hey loornu, loornu jiire ɗoo waddu haa en juɗa mo, o nyaamdi en geeraaɗe pat.	hey loornu loornu jiire ɗoo waddu haa en juɗa mo o nyaamdi en geeraaɗe pat	15	unknown
waxal_asr_0a5e7217032f41ba83b1742c36345368	data/fulfulde_run/audio/waxal_asr_0a5e7217032f41ba83b1742c36345368.wav	11.407	46.44	0.79	Jam, o ɗon tokki waɗgo nii goo, o ɗon tokki waɗgo. Jam, bawɗi laamɗo goo boo, duuri jahaangal goo ɗon warta;	jam o ɗon tokki waɗgo nii goo o ɗon tokki waɗgo jam bawɗi laamɗo goo boo duuri jahaangal goo ɗon warta	21	unknown
waxal_asr_989c85ca781c4500a503f0d54b0b44a4	data/fulfulde_run/audio/waxal_asr_989c85ca781c4500a503f0d54b0b44a4.wav	2.7	48.16	0.63	o wii: mi jippataako.	o wii mi jippataako	4	unknown
waxal_asr_632e7bf0d771424ba0f787c083c25555	data/fulfulde_run/audio/waxal_asr_632e7bf0d771424ba0f787c083c25555.wav	10.164	44.45	0.85	goɗɗo waali tuggi sogonnde non, wi’ata : Alla reen hoore laamiiɗo naa yimɓe ɗiɗo ɗon dow lekki ɗoo.	goɗɗo waali tuggi sogonnde non wi ata alla reen hoore laamiiɗo naa yimɓe ɗiɗo ɗon dow lekki ɗoo	18	unknown
waxal_asr_8b61cc24d0c74208b824d920f5748092	data/fulfulde_run/audio/waxal_asr_8b61cc24d0c74208b824d920f5748092.wav	2.4	50.89	0.46	Ngol timmi.	ngol timmi	2	unknown
waxal_asr_20eca0c0db154b8db957019b9d4240e8	data/fulfulde_run/audio/waxal_asr_20eca0c0db154b8db957019b9d4240e8.wav	4.23	34.27	0.89	baaba goo wii : naa haa toskonaami ɓinngel am.	baaba goo wii naa haa toskonaami ɓinngel am	8	unknown
waxal_asr_b3822eb6e9e6423dab2bd76cb76c2c40	data/fulfulde_run/audio/waxal_asr_b3822eb6e9e6423dab2bd76cb76c2c40.wav	17.28	49.27	0.68	Daada goo nani non, ummi ɗon mooɓta kuuje mum bubub bubub bubub, ufi kuuje : Damseere am ɓesni, Damseere am ɓesni, roondi donngal.	daada goo nani non ummi ɗon mooɓta kuuje mum bubub bubub bubub ufi kuuje damseere am ɓesni damseere am ɓesni roondi donngal	22	unknown
waxal_asr_b04e92333457469aa434fc5ba8912e88	data/fulfulde_run/audio/waxal_asr_b04e92333457469aa434fc5ba8912e88.wav	4.92	52.98	0.76	Ɓiira puccu goo fiiri farr haa gaɗa.	ɓiira puccu goo fiiri farr haa gaɗa	7	unknown
waxal_asr_1713d127b04f401faf7cddb948fca2e0	data/fulfulde_run/audio/waxal_asr_1713d127b04f401faf7cddb948fca2e0.wav	2.351	54.37	0.73	baali nyaama kaara;	baali nyaama kaara	3	unknown
waxal_asr_8d6043f0863f4468a8471e09e2f870fb	data/fulfulde_run/audio/waxal_asr_8d6043f0863f4468a8471e09e2f870fb.wav	3.962	40.36	0.83	to a nyaami follere ɗoo maa, ɓe keɓtan a debbo,	to a nyaami follere ɗoo maa ɓe keɓtan a debbo	10	unknown
waxal_asr_e76917b87a5f4202b30b267271810332	data/fulfulde_run/audio/waxal_asr_e76917b87a5f4202b30b267271810332.wav	5.58	24.77	0.96	mo yamnde e tiinde Daari-Bano; mo huduure e daande Daari-Bano.	mo yamnde e tiinde daari-bano mo huduure e daande daari-bano	10	unknown
waxal_asr_d9ee76c1f3f04b5685c4b62832dc6c48	data/fulfulde_run/audio/waxal_asr_d9ee76c1f3f04b5685c4b62832dc6c48.wav	5.827	50.41	0.8	woodi puldebbo boo kaŋum boo ɗon, kaŋum boo ɓe nannguno ɗum.	woodi puldebbo boo kaŋum boo ɗon kaŋum boo ɓe nannguno ɗum	11	unknown
waxal_asr_b346eef361674f608aed68b54f13406e	data/fulfulde_run/audio/waxal_asr_b346eef361674f608aed68b54f13406e.wav	3.78	53.31	0.77	mo yamnde e tiinde, mo saro e junngo;	mo yamnde e tiinde mo saro e junngo	8	unknown
waxal_asr_8ab49ee8834e42048782e5b056255f27	data/fulfulde_run/audio/waxal_asr_8ab49ee8834e42048782e5b056255f27.wav	8.821	44.36	0.85	Laamɗo oo, o danyi ɓinngel maako gootel, o wii taa taa ngel wurto koo toy o ɗon dilla jahaangal.	laamɗo oo o danyi ɓinngel maako gootel o wii taa taa ngel wurto koo toy o ɗon dilla jahaangal	19	unknown
waxal_asr_da18e60656fa4b8dba2a498adbc858a1	data/fulfulde_run/audio/waxal_asr_da18e60656fa4b8dba2a498adbc858a1.wav	5.04	40.02	0.83	Ɓe kooci lekkoy haa ɓe njaha ɓe njuɗoya puldebbo goo,	ɓe kooci lekkoy haa ɓe njaha ɓe njuɗoya puldebbo goo	10	unknown
waxal_asr_b2ec83793fde4572b7e2566cf3baa333	data/fulfulde_run/audio/waxal_asr_b2ec83793fde4572b7e2566cf3baa333.wav	2.04	53.14	0.82	Mi tikka mi nasta ladde.	mi tikka mi nasta ladde	5	unknown
waxal_asr_329e6965186c43cb82f8c8c7280de41b	data/fulfulde_run/audio/waxal_asr_329e6965186c43cb82f8c8c7280de41b.wav	17.67	54.59	0.76	Ngel wuri ngel fotti bee mukoy nayi : ɓinngel to njahta? Ko ndildataami? Alla yiini yam mukoy nayi boo, mi mooroyto haa mututu gojoowa, onon sinaa dile;	ngel wuri ngel fotti bee mukoy nayi ɓinngel to njahta ko ndildataami alla yiini yam mukoy nayi boo mi mooroyto haa mututu gojoowa onon sinaa dile	26	unknown
waxal_asr_449e8b504a0c467eb9f5eed7933eea73	data/fulfulde_run/audio/waxal_asr_449e8b504a0c467eb9f5eed7933eea73.wav	8.895	38.84	0.89	Poolel wurti yehi jippi haa yaasi nii, suy wii : no ngaɗan mi Alla am haa mi heɓa ɓinngel ngel?	poolel wurti yehi jippi haa yaasi nii suy wii no ngaɗan mi alla am haa mi heɓa ɓinngel ngel	19	unknown
waxal_asr_c35de844a3f34c0b999655f0e20a204a	data/fulfulde_run/audio/waxal_asr_c35de844a3f34c0b999655f0e20a204a.wav	6.043	24.64	0.97	suy debbo goo ɗon jooɗi woya, Sammboyel iwi yaasi warti : ɗume waɗ ma mboyata?	suy debbo goo ɗon jooɗi woya sammboyel iwi yaasi warti ɗume waɗ ma mboyata	14	unknown
waxal_asr_794df3f7bd9e47068279ba83c0fbed76	data/fulfulde_run/audio/waxal_asr_794df3f7bd9e47068279ba83c0fbed76.wav	2.005	52.74	0.71	Yotta jam kadi.	yotta jam kadi	3	unknown
waxal_asr_400bfe38b6874fecb9b28b246d65144c	data/fulfulde_run/audio/waxal_asr_400bfe38b6874fecb9b28b246d65144c.wav	3.06	52.88	0.77	hii? ɓinngel ko waddu ma ɗoo?	hii ɓinngel ko waddu ma ɗoo	6	unknown
waxal_asr_cfcbbb5c129f4b87a42e10567bd81f35	data/fulfulde_run/audio/waxal_asr_cfcbbb5c129f4b87a42e10567bd81f35.wav	4.938	25.96	0.95	O ardi ɓe, o yaari ɓe haa wahnde jey jiire nasti goo, o wii yoo :	o ardi ɓe o yaari ɓe haa wahnde jey jiire nasti goo o wii yoo	15	unknown
waxal_asr_567a7347191b4b9abfbc1cac5efc1e0e	data/fulfulde_run/audio/waxal_asr_567a7347191b4b9abfbc1cac5efc1e0e.wav	2.52	54.2	0.71	yewi mo junngo liyel;	yewi mo junngo liyel	4	unknown
waxal_asr_43bb245ea15840d79d0acd20e5ff7cfb	data/fulfulde_run/audio/waxal_asr_43bb245ea15840d79d0acd20e5ff7cfb.wav	4.51	44.94	0.79	Ɓe nasti : To miin hoo’i laalayel soondu ladde ;	ɓe nasti to miin hoo i laalayel soondu ladde	9	unknown
waxal_asr_46d6bdeaeb2b41de8b57dfafac8594a1	data/fulfulde_run/audio/waxal_asr_46d6bdeaeb2b41de8b57dfafac8594a1.wav	9.434	49.96	0.78	hhh ? Alla am yiini yam, an innu nii ko’e ɗiɗi, kosɗe nayi, subahaatinillaahi! Hhh ?	hhh alla am yiini yam an innu nii ko e ɗiɗi kosɗe nayi subahaatinillaahi hhh	15	unknown
waxal_asr_377649608aec4df2b3300b59fb83f1bd	data/fulfulde_run/audio/waxal_asr_377649608aec4df2b3300b59fb83f1bd.wav	6.0	52.87	0.79	Nga yehi nga jooɗi ɓe ɗon una : daada Damseere kuma;	nga yehi nga jooɗi ɓe ɗon una daada damseere kuma	10	unknown
waxal_asr_2d62ca80b438467295d4da63ec524e69	data/fulfulde_run/audio/waxal_asr_2d62ca80b438467295d4da63ec524e69.wav	3.325	25.5	0.94	o wii yoo to o defi yam ɓelle njooro;	o wii yoo to o defi yam ɓelle njooro	9	unknown
waxal_asr_372e4711a62e41db930669f7d7c7a911	data/fulfulde_run/audio/waxal_asr_372e4711a62e41db930669f7d7c7a911.wav	13.068	48.89	0.68	Ɓe mbii : jottakam, to o debbo en ngaɗ gaari koddeeri, to o debbo kam naa en ngi’an o waaftoto kodde.	ɓe mbii jottakam to o debbo en ngaɗ gaari koddeeri to o debbo kam naa en ngi an o waaftoto kodde	21	unknown
waxal_asr_3b4b0d896e0c4db6b849e909ed7c56aa	data/fulfulde_run/audio/waxal_asr_3b4b0d896e0c4db6b849e909ed7c56aa.wav	2.52	52.06	0.63	bee burɗi daneeji;	bee burɗi daneeji	3	unknown
waxal_asr_ae2426e898b44782a733197389d8045b	data/fulfulde_run/audio/waxal_asr_ae2426e898b44782a733197389d8045b.wav	6.78	45.27	0.81	Jam, laamɗo goo yiɗaa daada goo bee ɓinngel goo fuu, ɓe ɗon njooɗi non.	jam laamɗo goo yiɗaa daada goo bee ɓinngel goo fuu ɓe ɗon njooɗi non	14	unknown
waxal_asr_d14b088cb09e41d384aa51a6c137ce89	data/fulfulde_run/audio/waxal_asr_d14b088cb09e41d384aa51a6c137ce89.wav	2.28	49.37	0.8	Adda hokki mo o ƴakki.	adda hokki mo o ƴakki	5	unknown
waxal_asr_096ffa97ddc6459b8b774cd249b736f6	data/fulfulde_run/audio/waxal_asr_096ffa97ddc6459b8b774cd249b736f6.wav	5.91	34.76	0.89	Ɗum latti gilɗi, o yehi o wii mallumjo, mallumjo wii mo o acca.	ɗum latti gilɗi o yehi o wii mallumjo mallumjo wii mo o acca	13	unknown
waxal_asr_a7d9cae86d0e44e39dd2940ce7df6946	data/fulfulde_run/audio/waxal_asr_a7d9cae86d0e44e39dd2940ce7df6946.wav	2.63	54.9	0.72	ɓinngel am,  to njaata?	ɓinngel am to njaata	4	unknown
waxal_asr_ab890a1fbb86462094cfddc367f0a879	data/fulfulde_run/audio/waxal_asr_ab890a1fbb86462094cfddc367f0a879.wav	18.315	52.66	0.77	O ɗon yaha, o ɗon yaha, o ɗon yaha, nii non suy o yaali yimɓe jur haa laawol ɗon mooɓti babal feere nii, haa o saalo o dilla o numi gorko goo wii no mo taa taa luttir kumpa.	o ɗon yaha o ɗon yaha o ɗon yaha nii non suy o yaali yimɓe jur haa laawol ɗon mooɓti babal feere nii haa o saalo o dilla o numi gorko goo wii no mo taa taa luttir kumpa	39	unknown
waxal_asr_9bd13fbad7114c3f8bd2db3c342bda39	data/fulfulde_run/audio/waxal_asr_9bd13fbad7114c3f8bd2db3c342bda39.wav	8.304	37.07	0.89	on nanngi ɗaɗol o wi’ata, on nanngi ɗaɗol ɓe ɗon pooɗa, ɓe ɗon pooɗa haa ɓe ngurtini mo but yaasi.	on nanngi ɗaɗol o wi ata on nanngi ɗaɗol ɓe ɗon pooɗa ɓe ɗon pooɗa haa ɓe ngurtini mo but yaasi	21	unknown
waxal_asr_d52318707d38424ebb54e2edd806d55a	data/fulfulde_run/audio/waxal_asr_d52318707d38424ebb54e2edd806d55a.wav	9.718	48.82	0.69	Kad doo ɓinngel goo jeeɗo. To baaba muuɗum waalake eewni nii, kad doo o fuɗɗita :	kad doo ɓinngel goo jeeɗo to baaba muuɗum waalake eewni nii kad doo o fuɗɗita	15	unknown
waxal_asr_5b01a794600d44cba252abe43d73d084	data/fulfulde_run/audio/waxal_asr_5b01a794600d44cba252abe43d73d084.wav	6.6	47.94	0.75	O wii : ɗistuɗo jaaral ngal fuu, nden kaŋum wari hunnde nde.	o wii ɗistuɗo jaaral ngal fuu nden kaŋum wari hunnde nde	11	unknown
waxal_asr_d77680ef6d8741d8a4498985999f2b8b	data/fulfulde_run/audio/waxal_asr_d77680ef6d8741d8a4498985999f2b8b.wav	2.22	39.29	0.92	buuworɗi boɗeeji kumaa;	buuworɗi boɗeeji kumaa	3	unknown
waxal_asr_b4e2c72b114140669defdc33c41534eb	data/fulfulde_run/audio/waxal_asr_b4e2c72b114140669defdc33c41534eb.wav	10.096	45.91	0.83	o yuppi, o yari fuu ; Jam, o tokki laawol o yehi o tawoy ɓiira maayo ɗon heewi, farawre ɗon yino :	o yuppi o yari fuu jam o tokki laawol o yehi o tawoy ɓiira maayo ɗon heewi farawre ɗon yino	20	unknown
waxal_asr_c9819dad8ebd4f4ebb82ae691d1ce465	data/fulfulde_run/audio/waxal_asr_c9819dad8ebd4f4ebb82ae691d1ce465.wav	6.842	38.21	0.91	Ɗum pat ɗum dillidi ɗum ɗali mo nder naange raayatan ban naane maajum.	ɗum pat ɗum dillidi ɗum ɗali mo nder naange raayatan ban naane maajum	13	unknown
waxal_asr_3c0853e913ae43deaf59948841d9a6d4	data/fulfulde_run/audio/waxal_asr_3c0853e913ae43deaf59948841d9a6d4.wav	6.3	52.47	0.79	Luyuu luyuu luyuu gooto mo sawru sagaandu naa	luyuu luyuu luyuu gooto mo sawru sagaandu naa	8	unknown
waxal_asr_cb205f27bbe84fccb635560f340c9a1b	data/fulfulde_run/audio/waxal_asr_cb205f27bbe84fccb635560f340c9a1b.wav	21.42	53.49	0.76	Wuro ngoo, debbo yaata ton sey gorko. O debbo, o wii o yahan wuro maajum. Debbo fuu to yehi ton ɓe nyaaman ɗum, o wii baaba maako o yahan wuro man, baaba maako wii : sike? O wii : mi yahan, baaba wii : sike? O wii : mi yahan.	wuro ngoo debbo yaata ton sey gorko o debbo o wii o yahan wuro maajum debbo fuu to yehi ton ɓe nyaaman ɗum o wii baaba maako o yahan wuro man baaba maako wii sike o wii mi yahan baaba wii sike o wii mi yahan	46	unknown
waxal_asr_ab303a16d92348d48300ea910cab53b6	data/fulfulde_run/audio/waxal_asr_ab303a16d92348d48300ea910cab53b6.wav	5.613	47.47	0.75	To yonki waali kam, sil ngaddana en, nyeɗoya haa ton.	to yonki waali kam sil ngaddana en nyeɗoya haa ton	10	unknown
waxal_asr_23e227b99def4fafaeb5aabba3f9e548	data/fulfulde_run/audio/waxal_asr_23e227b99def4fafaeb5aabba3f9e548.wav	2.317	50.56	0.84	Daada Dugusaare maa,	daada dugusaare maa	3	unknown
waxal_asr_bb1efdfe372f498d87041cf947636987	data/fulfulde_run/audio/waxal_asr_bb1efdfe372f498d87041cf947636987.wav	4.86	45.28	0.83	jottakam o loori, en ngaɗa dabare teenoyen leɗɗe,	jottakam o loori en ngaɗa dabare teenoyen leɗɗe	8	unknown
waxal_asr_855eee2d1d5644fa94642837b58ee800	data/fulfulde_run/audio/waxal_asr_855eee2d1d5644fa94642837b58ee800.wav	5.5	37.68	0.89	Rawaandu wooru nani fiɗɗi nofru nii ni, nii ni, wii :	rawaandu wooru nani fiɗɗi nofru nii ni nii ni wii	10	unknown
waxal_asr_c8c09ad384dd414d95bb00e9f618c287	data/fulfulde_run/audio/waxal_asr_c8c09ad384dd414d95bb00e9f618c287.wav	7.352	45.91	0.86	yah, ngel ɗon yaha, ngel ɗon yaha, ngel ɗon yaha, ngel fotti bee mukoy ɗiɗi, mukoy ;	yah ngel ɗon yaha ngel ɗon yaha ngel ɗon yaha ngel fotti bee mukoy ɗiɗi mukoy	16	unknown
waxal_asr_de0219a74d1d4dd2b7f0105ab0c2e444	data/fulfulde_run/audio/waxal_asr_de0219a74d1d4dd2b7f0105ab0c2e444.wav	2.366	53.3	0.59	O wii : ayyee?	o wii ayyee	3	unknown
waxal_asr_2abac5ff3a8e4349b3fec2334c05aae1	data/fulfulde_run/audio/waxal_asr_2abac5ff3a8e4349b3fec2334c05aae1.wav	4.74	46.74	0.68	Debbo wii : miin kam nde tati ɓe ɗon kaa’ootira.	debbo wii miin kam nde tati ɓe ɗon kaa ootira	10	unknown
waxal_asr_84d37f2575da49f6800ab89c28d678d4	data/fulfulde_run/audio/waxal_asr_84d37f2575da49f6800ab89c28d678d4.wav	2.958	45.2	0.83	jam ɓinngel ko wadduma ɗoo ?	jam ɓinngel ko wadduma ɗoo	5	unknown
waxal_asr_8bed5aec9056470f82b225d51a1db96d	data/fulfulde_run/audio/waxal_asr_8bed5aec9056470f82b225d51a1db96d.wav	7.464	52.71	0.82	o wii yoo : yah, Alla yaare jam, Alla wartire jam, a fottan bee mokoy jeego;	o wii yoo yah alla yaare jam alla wartire jam a fottan bee mokoy jeego	15	unknown
waxal_asr_daf4d581cf614a2ebf952cb83a8f5792	data/fulfulde_run/audio/waxal_asr_daf4d581cf614a2ebf952cb83a8f5792.wav	22.566	53.48	0.76	Jam, ɓinngel teɓɓiti wicco gaaji tap, o wari o ummi o ardini ɗum ɗaw ɗaw ɗaw, haa o wartiri, o wari haa les wuro, o wii : doggu huucu kadi, ɓiirabattu, o taarti paar, o wayliti maako o huuci;	jam ɓinngel teɓɓiti wicco gaaji tap o wari o ummi o ardini ɗum ɗaw ɗaw ɗaw haa o wartiri o wari haa les wuro o wii doggu huucu kadi ɓiirabattu o taarti paar o wayliti maako o huuci	38	unknown
waxal_asr_e7bff01d267b4f6e8877fd62dd92445a	data/fulfulde_run/audio/waxal_asr_e7bff01d267b4f6e8877fd62dd92445a.wav	4.435	43.7	0.81	Debbo oo, o gooto pal e baaba maako.	debbo oo o gooto pal e baaba maako	8	unknown
waxal_asr_5080a0a40d5849eb804081d3392633ed	data/fulfulde_run/audio/waxal_asr_5080a0a40d5849eb804081d3392633ed.wav	3.491	41.21	0.9	o nyaami o wii : to Damseere am?	o nyaami o wii to damseere am	7	unknown
waxal_asr_c16bc84c76274de4a8b9e4acd6813c49	data/fulfulde_run/audio/waxal_asr_c16bc84c76274de4a8b9e4acd6813c49.wav	2.1	55.31	0.51	Wasgo naa?	wasgo naa	2	unknown
waxal_asr_3ce06a21f0dc408c92c156a6e231d5f6	data/fulfulde_run/audio/waxal_asr_3ce06a21f0dc408c92c156a6e231d5f6.wav	4.604	47.97	0.86	o faandi babal dundeehi goo, o wi’ata :	o faandi babal dundeehi goo o wi ata	8	unknown
waxal_asr_066577e60f914c84a075f7ed139f8d96	data/fulfulde_run/audio/waxal_asr_066577e60f914c84a075f7ed139f8d96.wav	12.645	45.84	0.81	Hunnde goo, debbo maako yejjiti tappi nga, o ɗon jooɗi njawdi mbaala yaali mo e yonnde, yaali wii mo : Hamma min ndillidi;	hunnde goo debbo maako yejjiti tappi nga o ɗon jooɗi njawdi mbaala yaali mo e yonnde yaali wii mo hamma min ndillidi	22	unknown
waxal_asr_d20f5d91ca3146fca5b0b9a34427b26f	data/fulfulde_run/audio/waxal_asr_d20f5d91ca3146fca5b0b9a34427b26f.wav	7.147	42.01	0.9	Baaba wii : yaaru mo e jaartirde, o yaari mo e jaartirde o moɗi o haaraay.	baaba wii yaaru mo e jaartirde o yaari mo e jaartirde o moɗi o haaraay	15	unknown
waxal_asr_f4338edfc7164d52aa889b04eb7a2306	data/fulfulde_run/audio/waxal_asr_f4338edfc7164d52aa889b04eb7a2306.wav	2.566	33.44	0.91	o wii : daada Damseere kuma;	o wii daada damseere kuma	5	unknown
waxal_asr_2921bc99eefe467fab17624e0c122fa7	data/fulfulde_run/audio/waxal_asr_2921bc99eefe467fab17624e0c122fa7.wav	2.217	42.32	0.88	suka njaalta mi njala mi.	suka njaalta mi njala mi	5	unknown
waxal_asr_d4a88d15898e47cf92ff45dbcdb28b06	data/fulfulde_run/audio/waxal_asr_d4a88d15898e47cf92ff45dbcdb28b06.wav	3.909	59.22	0.76	Kad doo o wi’a : suka njaala mi njala mi;	kad doo o wi a suka njaala mi njala mi	10	unknown
waxal_asr_4c30f8518bfd44b580d62f1c7b7e8db5	data/fulfulde_run/audio/waxal_asr_4c30f8518bfd44b580d62f1c7b7e8db5.wav	18.016	52.1	0.75	Ɓinngel ngel wadda junngo, o difa ɗum o yolla ton. O fuɗɗita ŋoolgo kekerek kekerek, ngel boo wara : Sammbo hokkam ne ko ƴakkata? War an boo mi hokke,	ɓinngel ngel wadda junngo o difa ɗum o yolla ton o fuɗɗita ŋoolgo kekerek kekerek ngel boo wara sammbo hokkam ne ko ƴakkata war an boo mi hokke	28	unknown
waxal_asr_c6ded6ff08004f489a507a0d39449bca	data/fulfulde_run/audio/waxal_asr_c6ded6ff08004f489a507a0d39449bca.wav	3.3	43.32	0.73	ɓiira ɓe ɗon caaɓna, ɓe ɗon caaɓna,	ɓiira ɓe ɗon caaɓna ɓe ɗon caaɓna	7	unknown
waxal_asr_12108600573d4f5e8f310d928950395b	data/fulfulde_run/audio/waxal_asr_12108600573d4f5e8f310d928950395b.wav	10.994	34.87	0.91	Mi mooroyo haa mututu gojoowa, yaadikko am wii mi mooroyo haa mututu gojoowa, o wii : yah, Alla yaare jam, Alla wartire jam;	mi mooroyo haa mututu gojoowa yaadikko am wii mi mooroyo haa mututu gojoowa o wii yah alla yaare jam alla wartire jam	22	unknown
waxal_asr_a13eab2a2b214688bdc86c0bdd599568	data/fulfulde_run/audio/waxal_asr_a13eab2a2b214688bdc86c0bdd599568.wav	4.473	49.06	0.84	Anndi Buhaari daabo anndi mo pullo caadi ;	anndi buhaari daabo anndi mo pullo caadi	7	unknown
waxal_asr_4cfb7cd1590142b4927fe647411e27ca	data/fulfulde_run/audio/waxal_asr_4cfb7cd1590142b4927fe647411e27ca.wav	2.16	52.25	0.58	Ɓe mbii : sey noy?	ɓe mbii sey noy	4	unknown
waxal_asr_572435247d184f99a5881938f6318ad1	data/fulfulde_run/audio/waxal_asr_572435247d184f99a5881938f6318ad1.wav	13.15	41.14	0.91	O waddi sirla o waɗi, o waddi marabbaare o waɗi, o waddi hufineere o waɗi, faɗo wanngo, jamje ɗiɗi, o itti kuuje rewɓeeje fuu, o dilli.	o waddi sirla o waɗi o waddi marabbaare o waɗi o waddi hufineere o waɗi faɗo wanngo jamje ɗiɗi o itti kuuje rewɓeeje fuu o dilli	26	unknown
waxal_asr_b8b28d4facfc49818fb90e0c294ae02a	data/fulfulde_run/audio/waxal_asr_b8b28d4facfc49818fb90e0c294ae02a.wav	12.659	42.53	0.79	Jam, o aardi ɓiɓɓe aa’adama en turr haa ɓe njehi e wurguure, ɓe kersa mboodi waa’a ndiyam heewa ba naane,	jam o aardi ɓiɓɓe aa adama en turr haa ɓe njehi e wurguure ɓe kersa mboodi waa a ndiyam heewa ba naane	22	unknown
waxal_asr_860939b97ab740ab839cb72641a2dc28	data/fulfulde_run/audio/waxal_asr_860939b97ab740ab839cb72641a2dc28.wav	9.588	57.92	0.75	Ndiyam lorake pat, o wurtake, o hoo’i yeeraande o hokkiti foondu, ɓe kuuci.	ndiyam lorake pat o wurtake o hoo i yeeraande o hokkiti foondu ɓe kuuci	14	unknown
waxal_asr_d1ee0cc20bc544ffabe07f0f8c204e7f	data/fulfulde_run/audio/waxal_asr_d1ee0cc20bc544ffabe07f0f8c204e7f.wav	4.32	44.26	0.81	rimanammi njawdiri, njawdiri noonaandi;	rimanammi njawdiri njawdiri noonaandi	4	unknown
waxal_asr_3390246f9a904e46b1ee824e0e0e4bc0	data/fulfulde_run/audio/waxal_asr_3390246f9a904e46b1ee824e0e0e4bc0.wav	12.66	43.89	0.82	Ɓe ndilla ladde ɗaɓɓitoygo ko ɓe nyaama. Daada saakinde yaha haa ɗaɓɓitoya jawle ko ɓe ƴakka bee baaba ɓikkoy muuɗum bee ɓikkon muuɗum.	ɓe ndilla ladde ɗaɓɓitoygo ko ɓe nyaama daada saakinde yaha haa ɗaɓɓitoya jawle ko ɓe ƴakka bee baaba ɓikkoy muuɗum bee ɓikkon muuɗum	23	unknown
waxal_asr_4c85ac8ad1ee47b7a66504f05aa51e6d	data/fulfulde_run/audio/waxal_asr_4c85ac8ad1ee47b7a66504f05aa51e6d.wav	6.631	25.07	0.91	rimanammi njawdiri, njawdiri noonaandi mi yahrana cubboowo;	rimanammi njawdiri njawdiri noonaandi mi yahrana cubboowo	7	unknown
waxal_asr_b58fc053ca324e8ab035b4a2ebca701d	data/fulfulde_run/audio/waxal_asr_b58fc053ca324e8ab035b4a2ebca701d.wav	4.38	49.81	0.73	ɓiira rewɓe pat mooɓti, ɓiira bee ɓikkoy.	ɓiira rewɓe pat mooɓti ɓiira bee ɓikkoy	7	unknown
waxal_asr_2b6bd61945464644bc5e694f5993c465	data/fulfulde_run/audio/waxal_asr_2b6bd61945464644bc5e694f5993c465.wav	11.092	46.57	0.82	Jam, debbo goo wurti wi’ata : Alla woonane o gorko, ɓe mbii : booɗɗum! Ajabaajo kam heɓi ɓe ndokkiɗum ceede fewi.	jam debbo goo wurti wi ata alla woonane o gorko ɓe mbii booɗɗum ajabaajo kam heɓi ɓe ndokkiɗum ceede fewi	20	unknown
waxal_asr_e296a47e66ce457bb955df5d7338f05d	data/fulfulde_run/audio/waxal_asr_e296a47e66ce457bb955df5d7338f05d.wav	2.564	45.64	0.81	Adda wii : e no mbaɗeten?	adda wii e no mbaɗeten	5	unknown
waxal_asr_74e608bc7efe44f0a0496fbb07ccdd4c	data/fulfulde_run/audio/waxal_asr_74e608bc7efe44f0a0496fbb07ccdd4c.wav	2.975	51.14	0.78	ɓiira enɗi ɗon palpaltiri,	ɓiira enɗi ɗon palpaltiri	4	unknown
waxal_asr_0f339ac42ef34579b85f30ffbd8a6f4f	data/fulfulde_run/audio/waxal_asr_0f339ac42ef34579b85f30ffbd8a6f4f.wav	4.787	54.42	0.75	ooho, en njooɗoto naa malli a dillan ?	ooho en njooɗoto naa malli a dillan	7	unknown
waxal_asr_ffa21b86c7ef4abeb5bd2cf11d3d21a4	data/fulfulde_run/audio/waxal_asr_ffa21b86c7ef4abeb5bd2cf11d3d21a4.wav	12.241	54.91	0.72	Adda goo hoo’i faɗo hokki mo, tamma goonga o waɗi doondi nder ton, adda yaaɓa faɗo dootkal saama.	adda goo hoo i faɗo hokki mo tamma goonga o waɗi doondi nder ton adda yaaɓa faɗo dootkal saama	19	unknown
waxal_asr_cc31e5013b6e4af1bdecfab2cb425577	data/fulfulde_run/audio/waxal_asr_cc31e5013b6e4af1bdecfab2cb425577.wav	14.749	45.03	0.76	Ɓe njehi ɓe koo’onoyi mo ajabaajo ɓe ngaddi, jam puccu goo hiji wii : ndaa hannde ɓe ɗon ngaddane debbo haa ɓe kumpito to a gorko, to a debbo.	ɓe njehi ɓe koo onoyi mo ajabaajo ɓe ngaddi jam puccu goo hiji wii ndaa hannde ɓe ɗon ngaddane debbo haa ɓe kumpito to a gorko to a debbo	29	unknown
waxal_asr_7f8f9d090e544864a3fd8ec4bf69fe30	data/fulfulde_run/audio/waxal_asr_7f8f9d090e544864a3fd8ec4bf69fe30.wav	7.186	43.03	0.82	Jam acci, kad doo mo waddi haa mo jo’’ina ndiyam goo mo dilla non,	jam acci kad doo mo waddi haa mo jo ina ndiyam goo mo dilla non	15	unknown
waxal_asr_ed07ff9c3b7548a891f451f711804235	data/fulfulde_run/audio/waxal_asr_ed07ff9c3b7548a891f451f711804235.wav	12.848	49.82	0.78	Jam, ɓe njehi ɓe mbi’ata mo : Laamɗo Alla woonane, ɓinngel ma reedu, o wii fewre! Pirnaneɗam mo daande, ɓe piirni gorko goo daande.	jam ɓe njehi ɓe mbi ata mo laamɗo alla woonane ɓinngel ma reedu o wii fewre pirnaneɗam mo daande ɓe piirni gorko goo daande	24	unknown
waxal_asr_1cb8b1f918b943eeb851a301bdfc1f48	data/fulfulde_run/audio/waxal_asr_1cb8b1f918b943eeb851a301bdfc1f48.wav	11.67	57.56	0.77	Ndaa ngol yatta, ndaa mi jooɗi; Aadamu aardo waɗi konte man haa paamon kadi haa ɗoo, on paami naa?	ndaa ngol yatta ndaa mi jooɗi aadamu aardo waɗi konte man haa paamon kadi haa ɗoo on paami naa	19	unknown
waxal_asr_fb0a0fd0bca2447bbcf21b6457b0a3d9	data/fulfulde_run/audio/waxal_asr_fb0a0fd0bca2447bbcf21b6457b0a3d9.wav	2.76	49.06	0.8	Hm, buhu ban Muusa nii.	hm buhu ban muusa nii	5	unknown
waxal_asr_caabe5972803408eab0b264dec9d0ba9	data/fulfulde_run/audio/waxal_asr_caabe5972803408eab0b264dec9d0ba9.wav	11.69	41.17	0.89	ɓe ɓadi yottaago nii, laamɗo wii : miin kam naane maa, naa naa hoore am ɓaŋan no mi, ndaa kuturuujo am oo ɓaŋan mo mi.	ɓe ɓadi yottaago nii laamɗo wii miin kam naane maa naa naa hoore am ɓaŋan no mi ndaa kuturuujo am oo ɓaŋan mo mi	24	unknown
waxal_asr_7371c642cdec4c4d82a7ed87dbb3beb6	data/fulfulde_run/audio/waxal_asr_7371c642cdec4c4d82a7ed87dbb3beb6.wav	6.455	49.99	0.79	Ɓe loowa, ɓe ngadda haako ɓusko kad doo fahin ɓe cukka, a nani?	ɓe loowa ɓe ngadda haako ɓusko kad doo fahin ɓe cukka a nani	13	unknown
waxal_asr_f5329559581b4ecd93a3cd58851b6600	data/fulfulde_run/audio/waxal_asr_f5329559581b4ecd93a3cd58851b6600.wav	7.083	49.6	0.78	O ɗon jooɗi nge ɗon solta, nge ɗon solta walaa lekki, walaa ɗume.	o ɗon jooɗi nge ɗon solta nge ɗon solta walaa lekki walaa ɗume	13	unknown
waxal_asr_8ab7550583c646d8a2e1b4387a4ae988	data/fulfulde_run/audio/waxal_asr_8ab7550583c646d8a2e1b4387a4ae988.wav	3.511	47.22	0.76	en cenndirtaa! ɓikkoy ɗon ngooka.	en cenndirtaa ɓikkoy ɗon ngooka	5	unknown
waxal_asr_4c1bda89205844779ea142d58226fdb7	data/fulfulde_run/audio/waxal_asr_4c1bda89205844779ea142d58226fdb7.wav	12.365	46.61	0.78	Ɓiira subaha non, puru goo hiji, o ummi o wa’’i puccu goo : kaɗam na kaɗam na, ɓiira maccuɓeeji tokkiti,	ɓiira subaha non puru goo hiji o ummi o wa i puccu goo kaɗam na kaɗam na ɓiira maccuɓeeji tokkiti	20	unknown
waxal_asr_0aff6e4adc0d4187a7129384e12e3155	data/fulfulde_run/audio/waxal_asr_0aff6e4adc0d4187a7129384e12e3155.wav	14.3	49.79	0.84	Min ngardi no bee sappa’am’en, nde miin ngardi bee sappa’am’en goo, sappa am’en mbii miin on mi ɓii laafuɗo mi nasta, ɓe ngurtintam;	min ngardi no bee sappa am en nde miin ngardi bee sappa am en goo sappa am en mbii miin on mi ɓii laafuɗo mi nasta ɓe ngurtintam	28	unknown
waxal_asr_1973239d51da4f9991248e58b731ff68	data/fulfulde_run/audio/waxal_asr_1973239d51da4f9991248e58b731ff68.wav	5.624	36.41	0.89	Ɓe tawa ɗum ɗaɗol ɓe ngudina kadi boo haa ɓe keɓti ƴoƴre maako goo.	ɓe tawa ɗum ɗaɗol ɓe ngudina kadi boo haa ɓe keɓti ƴoƴre maako goo	14	unknown
waxal_asr_bb64bf05e3d34093894ab7b81828aaf6	data/fulfulde_run/audio/waxal_asr_bb64bf05e3d34093894ab7b81828aaf6.wav	9.54	53.13	0.73	Debbo maako oo ɗoo, o wujjan foroy, wujjan foroy, wujjan foroy waddana mo.	debbo maako oo ɗoo o wujjan foroy wujjan foroy wujjan foroy waddana mo	13	unknown
waxal_asr_8238a64052b145be96be53127458d06a	data/fulfulde_run/audio/waxal_asr_8238a64052b145be96be53127458d06a.wav	4.859	37.68	0.9	Kanko boo o wa’’i puccu goo o ɗon saaɓna, o ɗon saaɓna,	kanko boo o wa i puccu goo o ɗon saaɓna o ɗon saaɓna	13	unknown
waxal_asr_464e4e7f2dfa42a6900e54ec5c2c5105	data/fulfulde_run/audio/waxal_asr_464e4e7f2dfa42a6900e54ec5c2c5105.wav	3.519	34.91	0.92	Naa ɓe ɗon mooɓta loope haa ɓe maha goo naa?	naa ɓe ɗon mooɓta loope haa ɓe maha goo naa	10	unknown
waxal_asr_4c268809712541129a46da04262240ad	data/fulfulde_run/audio/waxal_asr_4c268809712541129a46da04262240ad.wav	16.38	52.64	0.76	mi wari goo, innde ɓinngel goo ma, no mbarooga ewnorto ɗum kummbo, ɓinngel goo ɓe ewni ɗum, ɓe ngasi ngaska ɓe nasti daada, baaba, ɓinngel;	mi wari goo innde ɓinngel goo ma no mbarooga ewnorto ɗum kummbo ɓinngel goo ɓe ewni ɗum ɓe ngasi ngaska ɓe nasti daada baaba ɓinngel	25	unknown
waxal_asr_9a6e21a10b474a2cacfefccb7f24d44e	data/fulfulde_run/audio/waxal_asr_9a6e21a10b474a2cacfefccb7f24d44e.wav	3.06	52.22	0.8	mo yaadu batuure ngarmi laargo.	mo yaadu batuure ngarmi laargo	5	unknown
waxal_asr_b30be6529f7248b594701f6540dcac9a	data/fulfulde_run/audio/waxal_asr_b30be6529f7248b594701f6540dcac9a.wav	4.95	49.71	0.79	Ɓe ndokkidi mo bee jawdi ko o wurtoro.	ɓe ndokkidi mo bee jawdi ko o wurtoro	8	unknown
waxal_asr_f8ceef3419024383b25a64675ea3477d	data/fulfulde_run/audio/waxal_asr_f8ceef3419024383b25a64675ea3477d.wav	3.06	49.95	0.58	laamiɗo nelam no;	laamiɗo nelam no	3	unknown
waxal_asr_83c4dd8fce3e441fbc8e89a60a6cc0be	data/fulfulde_run/audio/waxal_asr_83c4dd8fce3e441fbc8e89a60a6cc0be.wav	2.695	44.34	0.76	ɗon ɗon njaalnoomi ka.	ɗon ɗon njaalnoomi ka	4	unknown
waxal_asr_710f7c1619dc4485992b6c12adbde880	data/fulfulde_run/audio/waxal_asr_710f7c1619dc4485992b6c12adbde880.wav	2.473	57.14	0.73	ndaa haa ɗoo jiire nasti.	ndaa haa ɗoo jiire nasti	5	unknown
waxal_asr_10be4f40d98c4a9daa197b34a0ff883d	data/fulfulde_run/audio/waxal_asr_10be4f40d98c4a9daa197b34a0ff883d.wav	2.4	20.46	0.94	Hamma jaloore min ndillidi;	hamma jaloore min ndillidi	4	unknown
waxal_asr_5e29f18b7b9649cc9df390c435a5cb39	data/fulfulde_run/audio/waxal_asr_5e29f18b7b9649cc9df390c435a5cb39.wav	7.022	44.99	0.86	O yehi haa mallumjo wii mo o sooda leeɓi, o soodi leeɓi o jo’’ini.	o yehi haa mallumjo wii mo o sooda leeɓi o soodi leeɓi o jo ini	15	unknown
waxal_asr_26a166b8ed2a414eb3e306e7885d36a6	data/fulfulde_run/audio/waxal_asr_26a166b8ed2a414eb3e306e7885d36a6.wav	3.284	30.17	0.94	Wari haa daande : suka njaala mi njala mi;	wari haa daande suka njaala mi njala mi	8	unknown
waxal_asr_83a00d9f4e0d472491a2ec8fb6e991cc	data/fulfulde_run/audio/waxal_asr_83a00d9f4e0d472491a2ec8fb6e991cc.wav	8.831	48.54	0.78	Yoo laamɗo wii : Bisimilla ndaa njaaral tuggi, ɓe dimmbi jaaral ɗisataako.	yoo laamɗo wii bisimilla ndaa njaaral tuggi ɓe dimmbi jaaral ɗisataako	11	unknown
waxal_asr_b4220e7edcdb4468b01852abc58c93ab	data/fulfulde_run/audio/waxal_asr_b4220e7edcdb4468b01852abc58c93ab.wav	6.031	54.27	0.66	Kad doo o wi’a ɗum yoo : suka njaala mi njala mi;	kad doo o wi a ɗum yoo suka njaala mi njala mi	12	unknown
waxal_asr_dae1c5d3030a49a4a9b99b52ab770bb9	data/fulfulde_run/audio/waxal_asr_dae1c5d3030a49a4a9b99b52ab770bb9.wav	2.505	38.4	0.89	Buuworɗi daneeji guma;	buuworɗi daneeji guma	3	unknown
waxal_asr_78bd11d709244a06be9c73890fd530f8	data/fulfulde_run/audio/waxal_asr_78bd11d709244a06be9c73890fd530f8.wav	3.4	51.84	0.83	Asee har o nasti goo bee duweere;	asee har o nasti goo bee duweere	7	unknown
waxal_asr_a085270581c54a1fbe1e95cebd709ef2	data/fulfulde_run/audio/waxal_asr_a085270581c54a1fbe1e95cebd709ef2.wav	8.036	41.85	0.85	O tappa lare pam pam pam : hey doombi malaaji, on mbari yam doombi nii mbolwa?	o tappa lare pam pam pam hey doombi malaaji on mbari yam doombi nii mbolwa	15	unknown
waxal_asr_c8ace79a428a430f95c2180b94d90625	data/fulfulde_run/audio/waxal_asr_c8ace79a428a430f95c2180b94d90625.wav	4.711	42.46	0.81	Jam, huucu jamwaali ngara haa ɗofta yam ladde.	jam huucu jamwaali ngara haa ɗofta yam ladde	8	unknown
waxal_asr_1c6d4966cdf845d4990bef22c6afab40	data/fulfulde_run/audio/waxal_asr_1c6d4966cdf845d4990bef22c6afab40.wav	9.769	52.19	0.61	Jam, warti e baaba mum wii : jottakam mi laaroyi duuniya ɓaŋeeɗam.	jam warti e baaba mum wii jottakam mi laaroyi duuniya ɓaŋeeɗam	11	unknown
waxal_asr_7fb66177a3c14c4da1424504acaed974	data/fulfulde_run/audio/waxal_asr_7fb66177a3c14c4da1424504acaed974.wav	5.52	45.98	0.8	O tawi gilɗi ɗiɗi fahin, mallumjo wii mo o acca.	o tawi gilɗi ɗiɗi fahin mallumjo wii mo o acca	10	unknown
waxal_asr_1f0635bfe1414304874d2c2d802d26d5	data/fulfulde_run/audio/waxal_asr_1f0635bfe1414304874d2c2d802d26d5.wav	4.969	52.81	0.8	Jam, wari haa hunnduko : suka njaala mi njala mi;	jam wari haa hunnduko suka njaala mi njala mi	9	unknown
waxal_asr_f100f1f3ca3249b28a248ff123f6b284	data/fulfulde_run/audio/waxal_asr_f100f1f3ca3249b28a248ff123f6b284.wav	6.66	47.52	0.76	Ɓiira ɓe nastini debbo conteur: ɓii laamɗo goo suudu kuturuujo goo.	ɓiira ɓe nastini debbo conteur ɓii laamɗo goo suudu kuturuujo goo	11	unknown
waxal_asr_6f30abfde47e449385f1c57b9bb5d018	data/fulfulde_run/audio/waxal_asr_6f30abfde47e449385f1c57b9bb5d018.wav	7.209	41.36	0.89	jiire wii : saala ngel Alla naali, wurta. O wurti bee adda maako ɓe ndilli.	jiire wii saala ngel alla naali wurta o wurti bee adda maako ɓe ndilli	14	unknown
waxal_asr_5d9695a0b67f4bdfae04bb8a182f27ee	data/fulfulde_run/audio/waxal_asr_5d9695a0b67f4bdfae04bb8a182f27ee.wav	2.28	39.07	0.86	mo kartudi bonbon laarataake;	mo kartudi bonbon laarataake	4	unknown
waxal_asr_aa58900a005b462e9aa7c36b5802375a	data/fulfulde_run/audio/waxal_asr_aa58900a005b462e9aa7c36b5802375a.wav	3.399	49.11	0.76	Colli mooɓti, colel ngel guddel.	colli mooɓti colel ngel guddel	5	unknown
waxal_asr_d1ce6ad715514d50a314215fa036d391	data/fulfulde_run/audio/waxal_asr_d1ce6ad715514d50a314215fa036d391.wav	3.889	37.86	0.91	haa mi yuwa noorwa; noorwa moɗi Kennderel.	haa mi yuwa noorwa noorwa moɗi kennderel	7	unknown
waxal_asr_509fd3759a854f6183ce993307fe4e7f	data/fulfulde_run/audio/waxal_asr_509fd3759a854f6183ce993307fe4e7f.wav	13.003	52.38	0.81	O hooci paali tati naa nayi hokki mo, wii mo yoo, ndaa to a eertake maayo a yehi haa caka harde nii, pusaa yeeso ma ;	o hooci paali tati naa nayi hokki mo wii mo yoo ndaa to a eertake maayo a yehi haa caka harde nii pusaa yeeso ma	25	unknown
waxal_asr_9f7ae7e60e034935830c11074a858dd4	data/fulfulde_run/audio/waxal_asr_9f7ae7e60e034935830c11074a858dd4.wav	2.611	52.96	0.82	mo tawi ba goni ma weli;	mo tawi ba goni ma weli	6	unknown
waxal_asr_6d6713eaa3374a7bbb405fa55e647159	data/fulfulde_run/audio/waxal_asr_6d6713eaa3374a7bbb405fa55e647159.wav	13.933	51.01	0.76	janngo o wii : mi huucan; Jam, on goo boo hoo’i ɗume? Tummukon na naa ɗiɗon, jam o tokki laawol, o yehi : farawre eertinam;	janngo o wii mi huucan jam on goo boo hoo i ɗume tummukon na naa ɗiɗon jam o tokki laawol o yehi farawre eertinam	24	unknown
waxal_asr_8dbba3d35c76471491955e92d01925e0	data/fulfulde_run/audio/waxal_asr_8dbba3d35c76471491955e92d01925e0.wav	4.157	42.89	0.88	Jowi ɗi kam fuu ɓe kaɓɓira bee palleeji.	jowi ɗi kam fuu ɓe kaɓɓira bee palleeji	8	unknown
waxal_asr_46f955fad3e04e1599c6246740d16fe5	data/fulfulde_run/audio/waxal_asr_46f955fad3e04e1599c6246740d16fe5.wav	10.501	54.07	0.75	o tawi o ɗon wi’a gorko yoo, o ɗon wi’a debbo maako : ndaa mi wari goɗɗo mi anndaa no ngaɗan no mi.	o tawi o ɗon wi a gorko yoo o ɗon wi a debbo maako ndaa mi wari goɗɗo mi anndaa no ngaɗan no mi	24	unknown
waxal_asr_ea9a1bbc723e4fc4a04f2f9583eca1ad	data/fulfulde_run/audio/waxal_asr_ea9a1bbc723e4fc4a04f2f9583eca1ad.wav	13.677	49.78	0.85	Kadi boo, ɓe ndoondo : soobaajo fowru waddu mi jaɓane booro maaɗa. A laaraay booro am ɗoo koyɗum meere, jey ma tedduɗum waddu mi jaɓane.	kadi boo ɓe ndoondo soobaajo fowru waddu mi jaɓane booro maaɗa a laaraay booro am ɗoo koyɗum meere jey ma tedduɗum waddu mi jaɓane	24	unknown
waxal_asr_3c974076950f4cea832108b45b1b33f7	data/fulfulde_run/audio/waxal_asr_3c974076950f4cea832108b45b1b33f7.wav	5.727	43.85	0.84	yoo hannde boo min ndilli ladde kadi, yah aynoy haa min ngara;	yoo hannde boo min ndilli ladde kadi yah aynoy haa min ngara	12	unknown
waxal_asr_194e6497bdf849a1b517290e92f7d7de	data/fulfulde_run/audio/waxal_asr_194e6497bdf849a1b517290e92f7d7de.wav	3.514	47.23	0.74	to a nyaamaay maa ɓe keɓtataa.	to a nyaamaay maa ɓe keɓtataa	6	unknown
waxal_asr_116ff1022df845efa5c25eab0e054e3a	data/fulfulde_run/audio/waxal_asr_116ff1022df845efa5c25eab0e054e3a.wav	6.324	48.41	0.74	baaba wii : to Alla hoori en kam no ngiɗɗa mi waɗa mo?	baaba wii to alla hoori en kam no ngiɗɗa mi waɗa mo	12	unknown
waxal_asr_f05385905b47469ea6a4512a990eda01	data/fulfulde_run/audio/waxal_asr_f05385905b47469ea6a4512a990eda01.wav	10.522	52.2	0.78	Ɓiira laamɗo goo wari yii mo, yii debbo mayganaajo, mone ba waraɗum, ɓiira sirka parr!	ɓiira laamɗo goo wari yii mo yii debbo mayganaajo mone ba waraɗum ɓiira sirka parr	15	unknown
waxal_asr_39315adf4901412e887140193c4afe34	data/fulfulde_run/audio/waxal_asr_39315adf4901412e887140193c4afe34.wav	5.034	33.65	0.89	ɓe mbi’a : ɓiira min nyaamaayi boo naa min njari ii’am ma.	ɓe mbi a ɓiira min nyaamaayi boo naa min njari ii am ma	13	unknown
waxal_asr_d3f9c3b84bd74576836b2895a0fa8260	data/fulfulde_run/audio/waxal_asr_d3f9c3b84bd74576836b2895a0fa8260.wav	11.295	48.55	0.8	O yehi o wii mallumjo ɗum lattake ɓinngel, mallum wii mo : accu, haa faɓɓi mallumjo wii mo o hooca, o hooci.	o yehi o wii mallumjo ɗum lattake ɓinngel mallum wii mo accu haa faɓɓi mallumjo wii mo o hooca o hooci	21	unknown
waxal_asr_88ad296d4b82480db7280e75f470a449	data/fulfulde_run/audio/waxal_asr_88ad296d4b82480db7280e75f470a449.wav	2.761	40.06	0.88	Debbo maako goo ɗon jooɗi non waɗi :	debbo maako goo ɗon jooɗi non waɗi	7	unknown
waxal_asr_dc3d487a81fc4e6c9cc59e909e004cb7	data/fulfulde_run/audio/waxal_asr_dc3d487a81fc4e6c9cc59e909e004cb7.wav	10.297	43.01	0.86	Ɓinngel ngel, ɗum ɓii laamɗo, laamɗo wii mahani mo saare nastini mo feere maako, o wii taa taa gorko yaha haa maako.	ɓinngel ngel ɗum ɓii laamɗo laamɗo wii mahani mo saare nastini mo feere maako o wii taa taa gorko yaha haa maako	22	unknown
waxal_asr_8436209c06f2474a9210e3bc8c1e39ea	data/fulfulde_run/audio/waxal_asr_8436209c06f2474a9210e3bc8c1e39ea.wav	7.532	46.53	0.85	o wii yah, a fottan bee mukoy tati goo : jam, o ɗon yaha, o fotti bee mukoy tati	o wii yah a fottan bee mukoy tati goo jam o ɗon yaha o fotti bee mukoy tati	18	unknown
waxal_asr_05316ad22adf4b9a91ce45345c847fd3	data/fulfulde_run/audio/waxal_asr_05316ad22adf4b9a91ce45345c847fd3.wav	4.704	56.16	0.76	Duudu am mi wi’aa no ma taa njala naa?	duudu am mi wi aa no ma taa njala naa	10	unknown
waxal_asr_e388464dac7d45e782e9fd296df68480	data/fulfulde_run/audio/waxal_asr_e388464dac7d45e782e9fd296df68480.wav	5.081	47.94	0.83	ndaa lootoy haa joldude lumba- lumba too ;	ndaa lootoy haa joldude lumba- lumba too	7	unknown
waxal_asr_d9794ddf550e475181c1de1b1a8facbf	data/fulfulde_run/audio/waxal_asr_d9794ddf550e475181c1de1b1a8facbf.wav	14.891	54.1	0.8	Suy, nden kam ɓe mbii mo : yah, doggu yah yah law law. Cooɗuwal doggi dilli, yehi haa wuro goo suy yotti wuro goo, suy ɗon wi’a :	suy nden kam ɓe mbii mo yah doggu yah yah law law cooɗuwal doggi dilli yehi haa wuro goo suy yotti wuro goo suy ɗon wi a	27	unknown
waxal_asr_762e7fad190b480cb9d924fad0fcd2a9	data/fulfulde_run/audio/waxal_asr_762e7fad190b480cb9d924fad0fcd2a9.wav	5.16	50.78	0.74	Ɓe tappi bay bay, suy ɓe kumpito hunnde nde.	ɓe tappi bay bay suy ɓe kumpito hunnde nde	9	unknown
waxal_asr_34d16a62a8ac4fe0a2c02920dbbe21d3	data/fulfulde_run/audio/waxal_asr_34d16a62a8ac4fe0a2c02920dbbe21d3.wav	17.462	46.2	0.77	O wii yoo : mi hokki ma hunnde, o jaɓi hunnde, o ruggi maayɗo kuŋ kuŋ kuŋ o yehi haa o hoo’oyi hunnde wonnde jemma goɗɗo jemma o waddani debbo maako jaɓi.	o wii yoo mi hokki ma hunnde o jaɓi hunnde o ruggi maayɗo kuŋ kuŋ kuŋ o yehi haa o hoo oyi hunnde wonnde jemma goɗɗo jemma o waddani debbo maako jaɓi	32	unknown
waxal_asr_ff74a41605454328a28116fb4cd17279	data/fulfulde_run/audio/waxal_asr_ff74a41605454328a28116fb4cd17279.wav	2.209	50.97	0.75	O eewni ɗi kad doo :	o eewni ɗi kad doo	5	unknown
waxal_asr_33d8d73ba56f46438d8726793487cf50	data/fulfulde_run/audio/waxal_asr_33d8d73ba56f46438d8726793487cf50.wav	10.03	44.75	0.86	ayye min ɗon mbi’e loorna jiire ngarta haa njuɗen ɗum nyaami en geeraaɗe, an eerna jiire dillira?	ayye min ɗon mbi e loorna jiire ngarta haa njuɗen ɗum nyaami en geeraaɗe an eerna jiire dillira	18	unknown
waxal_asr_db0b49457bd7436caed150742e3a7c6b	data/fulfulde_run/audio/waxal_asr_db0b49457bd7436caed150742e3a7c6b.wav	3.48	55.55	0.72	Takala mulus, takkaande kiɗek.	takala mulus takkaande kiɗek	4	unknown
waxal_asr_b958c1e4e7ad45ccb0e206968ca850ba	data/fulfulde_run/audio/waxal_asr_b958c1e4e7ad45ccb0e206968ca850ba.wav	5.4	43.63	0.83	O wii : naa laamɗo banndiiko war no hoo’i nyamaande e maako,	o wii naa laamɗo banndiiko war no hoo i nyamaande e maako	12	unknown
waxal_asr_3cf9235914b84758a01fa72c59b60808	data/fulfulde_run/audio/waxal_asr_3cf9235914b84758a01fa72c59b60808.wav	2.926	35.39	0.88	o wii mo yoo : miin weete Daari-Bano;	o wii mo yoo miin weete daari-bano	7	unknown
waxal_asr_8b9c2ec72d7441e6af3448d5db309e3b	data/fulfulde_run/audio/waxal_asr_8b9c2ec72d7441e6af3448d5db309e3b.wav	7.82	51.3	0.8	Suy debbo maako wii : hi! Daada nan ne ko sonndu ndu wi’ata; ko ndu wii?	suy debbo maako wii hi daada nan ne ko sonndu ndu wi ata ko ndu wii	16	unknown
waxal_asr_c97506e3aa8244048788ea4f614bf092	data/fulfulde_run/audio/waxal_asr_c97506e3aa8244048788ea4f614bf092.wav	24.622	47.31	0.81	Jamwaali fajiri, derke’en njehi ɗon nyeɗoya maayo, ɓe njehi ɓe ɗon nyeɗoya maayo non o yehi o yii ɓiɓɓe rewɓe ɗiɗo njaali maayo non o roondi, o wari o aarti ɓiɓɓe rewɓe goo, o ɓaari maayɗo goo har lekki, kanko boo o jooɗi o jurgini.	jamwaali fajiri derke en njehi ɗon nyeɗoya maayo ɓe njehi ɓe ɗon nyeɗoya maayo non o yehi o yii ɓiɓɓe rewɓe ɗiɗo njaali maayo non o roondi o wari o aarti ɓiɓɓe rewɓe goo o ɓaari maayɗo goo har lekki kanko boo o jooɗi o jurgini	46	unknown
waxal_asr_143c396112734979a2748931eb4611f1	data/fulfulde_run/audio/waxal_asr_143c396112734979a2748931eb4611f1.wav	3.335	39.18	0.89	debbo waddi, debbo wii : e tataɓal ngal?	debbo waddi debbo wii e tataɓal ngal	7	unknown
waxal_asr_81269feb2ff045e99dd7147630c0e3ba	data/fulfulde_run/audio/waxal_asr_81269feb2ff045e99dd7147630c0e3ba.wav	2.695	50.66	0.79	Yimɓe wuro acci waɗgo naa?	yimɓe wuro acci waɗgo naa	5	unknown
waxal_asr_7627f77911b3421293623002227dbc45	data/fulfulde_run/audio/waxal_asr_7627f77911b3421293623002227dbc45.wav	7.86	48.84	0.85	Ɓiira o jippi, o yiiwi, ɓiira o ɓoorni limceeji goo pat ɓe gii o debbo,	ɓiira o jippi o yiiwi ɓiira o ɓoorni limceeji goo pat ɓe gii o debbo	15	unknown
waxal_asr_9fc4d7cb8c5c4e74894335b6155dfff1	data/fulfulde_run/audio/waxal_asr_9fc4d7cb8c5c4e74894335b6155dfff1.wav	14.535	51.87	0.77	Ɓe ndilli ladde ɓe mbeeti remgo, ɓe mbeeti remgo ɓe ngarti non, suy gertogal wii mo : to a debbo fuu diwanam kosam am ɗam mi laara.	ɓe ndilli ladde ɓe mbeeti remgo ɓe mbeeti remgo ɓe ngarti non suy gertogal wii mo to a debbo fuu diwanam kosam am ɗam mi laara	26	unknown
waxal_asr_b06b5d23951540148fbd6d176c0dec07	data/fulfulde_run/audio/waxal_asr_b06b5d23951540148fbd6d176c0dec07.wav	2.678	54.58	0.79	Buuworɗi ɓaleeji guma;	buuworɗi ɓaleeji guma	3	unknown
waxal_asr_9c7210239e944a5b90f343de40670d8f	data/fulfulde_run/audio/waxal_asr_9c7210239e944a5b90f343de40670d8f.wav	4.085	51.79	0.71	Jam, takala mulus takkaande.	jam takala mulus takkaande	4	unknown
waxal_asr_9360bf0c78a9438d95d4c620603204f9	data/fulfulde_run/audio/waxal_asr_9360bf0c78a9438d95d4c620603204f9.wav	10.236	50.56	0.79	Jam, kad doo ɓe mbi’a mo o ta’a, o ta’i cakaare jey loorɗum ɗoo, cakaare mbofofa goo o hokki ɓe.	jam kad doo ɓe mbi a mo o ta a o ta i cakaare jey loorɗum ɗoo cakaare mbofofa goo o hokki ɓe	23	unknown
waxal_asr_52c28c359f054d46a365aa124941c161	data/fulfulde_run/audio/waxal_asr_52c28c359f054d46a365aa124941c161.wav	7.132	47.41	0.81	Ɓe mbii nden kam ewnoye waane kaŋum boo wara waɗa lekki muuɗum.	ɓe mbii nden kam ewnoye waane kaŋum boo wara waɗa lekki muuɗum	12	unknown
waxal_asr_59d90510513c4e2b87902f000d657d87	data/fulfulde_run/audio/waxal_asr_59d90510513c4e2b87902f000d657d87.wav	14.352	54.44	0.71	Jam, o ɗon yaha, o ɗon yaha, o yehi haa suudu baaba ladde goo, o tawi ɓinngel goo, kosɗe nayi, juuɗe ɗiɗi naa ? ko’e ɗiɗi : hhh ?	jam o ɗon yaha o ɗon yaha o yehi haa suudu baaba ladde goo o tawi ɓinngel goo kosɗe nayi juuɗe ɗiɗi naa ko e ɗiɗi hhh	27	unknown
waxal_asr_e295dcf2f4ad40bbbebd8ef33de3d1c4	data/fulfulde_run/audio/waxal_asr_e295dcf2f4ad40bbbebd8ef33de3d1c4.wav	2.04	50.32	0.4	Ɗoo naa?	ɗoo naa	2	unknown
waxal_asr_eab49d094e484a40971aa0e31b4b610f	data/fulfulde_run/audio/waxal_asr_eab49d094e484a40971aa0e31b4b610f.wav	7.02	52.21	0.73	Mboodi goo nanngi mo non mosli yollodi ndiyam pun!	mboodi goo nanngi mo non mosli yollodi ndiyam pun	9	unknown
waxal_asr_d2aa552b11f74db0866891e16acd3507	data/fulfulde_run/audio/waxal_asr_d2aa552b11f74db0866891e16acd3507.wav	11.756	47.16	0.8	Jam, puccu goo walaa pistanɗo ngu, wooda pistanɗo ngu, walaa pistanɗo puccu sey baaba maako feere muuɗum.	jam puccu goo walaa pistanɗo ngu wooda pistanɗo ngu walaa pistanɗo puccu sey baaba maako feere muuɗum	17	unknown
waxal_asr_e24f81c1ce014c61b72614d2766c22f7	data/fulfulde_run/audio/waxal_asr_e24f81c1ce014c61b72614d2766c22f7.wav	5.371	30.52	0.93	ɓe mbii : ɗoo nii teema goɗɗo ɓe ngasi ɓe ngasi ɓe tawi puldebbo goo,	ɓe mbii ɗoo nii teema goɗɗo ɓe ngasi ɓe ngasi ɓe tawi puldebbo goo	14	unknown
waxal_asr_1111b59b6bec4871be89028cc6f84802	data/fulfulde_run/audio/waxal_asr_1111b59b6bec4871be89028cc6f84802.wav	4.166	50.96	0.84	fooɗ Mbuulu, o wi’a : Mbuulu sali fooɗaago;	fooɗ mbuulu o wi a mbuulu sali fooɗaago	8	unknown
waxal_asr_783d6f422896433c9369d5fa460a2fb7	data/fulfulde_run/audio/waxal_asr_783d6f422896433c9369d5fa460a2fb7.wav	4.98	46.73	0.76	Jam, suy o hooci ɓinngel goo o moɗi non	jam suy o hooci ɓinngel goo o moɗi non	9	unknown
waxal_asr_9f9a228788494129bd01a2e201324796	data/fulfulde_run/audio/waxal_asr_9f9a228788494129bd01a2e201324796.wav	8.086	34.92	0.88	Jam, laamɗo neli dow debbo goo wii yoo debbo maajum mooɓtana mo leeɓol gertooɗe.	jam laamɗo neli dow debbo goo wii yoo debbo maajum mooɓtana mo leeɓol gertooɗe	14	unknown
waxal_asr_f395138d6de84f01b651fe3a8cd08e4f	data/fulfulde_run/audio/waxal_asr_f395138d6de84f01b651fe3a8cd08e4f.wav	6.988	43.48	0.87	Woodaa ko no ɓe mbaɗa, walaa gawri, haaɓe timmi, walaa hunnde, fuu timmi.	woodaa ko no ɓe mbaɗa walaa gawri haaɓe timmi walaa hunnde fuu timmi	13	unknown
waxal_asr_f4bf292aba2343d69062cb23cff9f465	data/fulfulde_run/audio/waxal_asr_f4bf292aba2343d69062cb23cff9f465.wav	6.577	48.58	0.72	O wii : naa ndaa jonta ɗoo tawmi goɗɗo tawtumi o wari.	o wii naa ndaa jonta ɗoo tawmi goɗɗo tawtumi o wari	11	unknown
waxal_asr_7925b0995e814690a1890149d6bbc338	data/fulfulde_run/audio/waxal_asr_7925b0995e814690a1890149d6bbc338.wav	11.22	49.75	0.76	Ɓe ngarti, ɓe njotti ɓe loowi ndiyam non ɓe mbii Daari-Bano kam hunnde nanngi ɗum, o gooto pal e baaba maako.	ɓe ngarti ɓe njotti ɓe loowi ndiyam non ɓe mbii daari-bano kam hunnde nanngi ɗum o gooto pal e baaba maako	21	unknown
waxal_asr_62cc6816430f4d37911eb2fdd0a00757	data/fulfulde_run/audio/waxal_asr_62cc6816430f4d37911eb2fdd0a00757.wav	7.25	54.24	0.76	Wii mo : eftu, mboodi goo wurti eftu, nder wurguure,	wii mo eftu mboodi goo wurti eftu nder wurguure	9	unknown
waxal_asr_2377126017634898bd2cbb28107366bf	data/fulfulde_run/audio/waxal_asr_2377126017634898bd2cbb28107366bf.wav	11.165	50.92	0.81	Njaaare mo beembal yaɗiiri, o nyaami beembal yaɗiiri o haaraay. Kad doo o wurti o jooɗi dow daande beembal :	njaaare mo beembal yaɗiiri o nyaami beembal yaɗiiri o haaraay kad doo o wurti o jooɗi dow daande beembal	19	unknown
waxal_asr_6022f80c76db45fa994fc6d022f9ed6d	data/fulfulde_run/audio/waxal_asr_6022f80c76db45fa994fc6d022f9ed6d.wav	2.52	43.37	0.88	mo tuuɗe aleewa laarataake;	mo tuuɗe aleewa laarataake	4	unknown
waxal_asr_8fea2302b2734b17ab75668564e58bf0	data/fulfulde_run/audio/waxal_asr_8fea2302b2734b17ab75668564e58bf0.wav	5.821	42.29	0.88	Ngorgi maako goo kam dilli, acci mo kanko non, o ɗon dari jala.	ngorgi maako goo kam dilli acci mo kanko non o ɗon dari jala	13	unknown
waxal_asr_1b92d36fdc874d769264988c9afd9eee	data/fulfulde_run/audio/waxal_asr_1b92d36fdc874d769264988c9afd9eee.wav	4.8	54.93	0.69	War an on min njuɗe kadi, noorwa wii :	war an on min njuɗe kadi noorwa wii	8	unknown
waxal_asr_e57f82628740417f935e0c59f7ecf42f	data/fulfulde_run/audio/waxal_asr_e57f82628740417f935e0c59f7ecf42f.wav	4.54	44.54	0.87	wayyo maama am’en noorji ngare ngideeyam!	wayyo maama am en noorji ngare ngideeyam	7	unknown
waxal_asr_ee742b4466a4416db9b886e53631b57b	data/fulfulde_run/audio/waxal_asr_ee742b4466a4416db9b886e53631b57b.wav	4.153	50.87	0.75	Laamɗo warti : to Damseere am?	laamɗo warti to damseere am	5	unknown
waxal_asr_dd07f5a6759e44fe834dc4d7451cbf58	data/fulfulde_run/audio/waxal_asr_dd07f5a6759e44fe834dc4d7451cbf58.wav	8.936	48.81	0.85	wii to mi danyi maa a gorko ma ngara jaɓana mo, to a debbo boo nyaami nde, kanjum ɗum.	wii to mi danyi maa a gorko ma ngara jaɓana mo to a debbo boo nyaami nde kanjum ɗum	19	unknown
waxal_asr_b4c0ce71571949ccb999bce61ee0d354	data/fulfulde_run/audio/waxal_asr_b4c0ce71571949ccb999bce61ee0d354.wav	5.585	32.34	0.9	Daada ɓinngel goo boo maayi, lutti ɓinngel ngel bee yaadikko mum goo ;	daada ɓinngel goo boo maayi lutti ɓinngel ngel bee yaadikko mum goo	12	unknown
waxal_asr_6f00de15c71b4c928fc760164fce8645	data/fulfulde_run/audio/waxal_asr_6f00de15c71b4c928fc760164fce8645.wav	2.375	45.87	0.84	O wii : hh naa sey hunnde;	o wii hh naa sey hunnde	6	unknown
waxal_asr_f70eba444b604b6b8175ad1a5e52f755	data/fulfulde_run/audio/waxal_asr_f70eba444b604b6b8175ad1a5e52f755.wav	11.137	47.88	0.84	baaba maɓɓa en ngurti, o wii : naa ɓe ndokkimmi njarmi, ndaa ɓe njehi ɓe lo’oyi ooɗo boo ɓe mbari ɗum.	baaba maɓɓa en ngurti o wii naa ɓe ndokkimmi njarmi ndaa ɓe njehi ɓe lo oyi ooɗo boo ɓe mbari ɗum	21	unknown
waxal_asr_3a76a1af8f8643b69e7f55e01fecf34c	data/fulfulde_run/audio/waxal_asr_3a76a1af8f8643b69e7f55e01fecf34c.wav	2.934	34.67	0.93	Dugusaare ɓesni, ngaron, ngaron	dugusaare ɓesni ngaron ngaron	4	unknown
waxal_asr_ce051fca25684b6e89529f9ce5241bdb	data/fulfulde_run/audio/waxal_asr_ce051fca25684b6e89529f9ce5241bdb.wav	5.423	52.67	0.78	On nanngaay yam, on nanngaay yam, on nanngi ɗaɗol, o nanngi ɗaɗol.	on nanngaay yam on nanngaay yam on nanngi ɗaɗol o nanngi ɗaɗol	12	unknown
waxal_asr_2a9d8a74944c41a6bf6ebf2eeeb054b8	data/fulfulde_run/audio/waxal_asr_2a9d8a74944c41a6bf6ebf2eeeb054b8.wav	11.088	49.26	0.7	Jam, ɗum jooɗi, ɗum duuri, ɗum duuri o wii yoo ɓuudi ɓuuti mo, oo ɗoo wara tuppana mo.	jam ɗum jooɗi ɗum duuri ɗum duuri o wii yoo ɓuudi ɓuuti mo oo ɗoo wara tuppana mo	18	unknown
waxal_asr_6d79d7551cb14f2a884dd8f5347991a0	data/fulfulde_run/audio/waxal_asr_6d79d7551cb14f2a884dd8f5347991a0.wav	11.906	46.12	0.79	fahinta ɓe mbi’ata : naa to o debbo kam, naa o yiɗi haako wosaaho, ngaɗe wosaaho woɗko boo njaaron.	fahinta ɓe mbi ata naa to o debbo kam naa o yiɗi haako wosaaho ngaɗe wosaaho woɗko boo njaaron	19	unknown
waxal_asr_2806bdb972d940599e60251f77d27291	data/fulfulde_run/audio/waxal_asr_2806bdb972d940599e60251f77d27291.wav	7.577	28.11	0.92	o wii : to on njehi nii, njehon mbi’on mo yoo to o yiɗi o wara o jaɓa bee hoore maako.	o wii to on njehi nii njehon mbi on mo yoo to o yiɗi o wara o jaɓa bee hoore maako	21	unknown
waxal_asr_b6baaa37929e4d9cb4db75bb5b176d7d	data/fulfulde_run/audio/waxal_asr_b6baaa37929e4d9cb4db75bb5b176d7d.wav	3.18	49.17	0.79	Baaba maako wii yoo bisimilla.	baaba maako wii yoo bisimilla	5	unknown
waxal_asr_cb9a46800d2148118b37a92ed651e6da	data/fulfulde_run/audio/waxal_asr_cb9a46800d2148118b37a92ed651e6da.wav	3.606	48.59	0.74	mo yamnde e tiinde Daari-Bano;	mo yamnde e tiinde daari-bano	5	unknown
waxal_asr_9044090e237644cdb1c2b3adaa2767f5	data/fulfulde_run/audio/waxal_asr_9044090e237644cdb1c2b3adaa2767f5.wav	2.713	48.55	0.83	kecco dayɗo mi jali ma.	kecco dayɗo mi jali ma	5	unknown
waxal_asr_ec869595261642a1a6b370caf636d6a2	data/fulfulde_run/audio/waxal_asr_ec869595261642a1a6b370caf636d6a2.wav	3.024	43.9	0.87	sinaa acca mo haa o yamɗita,	sinaa acca mo haa o yamɗita	6	unknown
waxal_asr_8ce559e6144a4e5dbf4eceed7469b12d	data/fulfulde_run/audio/waxal_asr_8ce559e6144a4e5dbf4eceed7469b12d.wav	16.461	50.55	0.82	Ɗi paandake haa ɗi ɓaŋti baabawa man, ɓaŋti haa faɗɗa, jam, mbarooga faawtoyake, ngaye fuu ɓiira, ngaye fuu ɗon saara haa ɗi ndilli caka cak ladde;	ɗi paandake haa ɗi ɓaŋti baabawa man ɓaŋti haa faɗɗa jam mbarooga faawtoyake ngaye fuu ɓiira ngaye fuu ɗon saara haa ɗi ndilli caka cak ladde	26	unknown
waxal_asr_e6f49c79ede141cab9113ab69999b1ac	data/fulfulde_run/audio/waxal_asr_e6f49c79ede141cab9113ab69999b1ac.wav	5.901	34.25	0.91	suka njaalta mi njala mi, gorko goo wi’a mo yoo : rewre mi jali ma;	suka njaalta mi njala mi gorko goo wi a mo yoo rewre mi jali ma	15	unknown
waxal_asr_41e37041f62249a9942e7dacf49a4298	data/fulfulde_run/audio/waxal_asr_41e37041f62249a9942e7dacf49a4298.wav	9.75	48.36	0.83	O nasta suudu dow ɓinngel goo, o wi’a yoo : to mi defi ma ɓelle sunya, to mi juɗi ma ɓelle njoorto.	o nasta suudu dow ɓinngel goo o wi a yoo to mi defi ma ɓelle sunya to mi juɗi ma ɓelle njoorto	22	unknown
waxal_asr_8881466e4a9c460fb5ca9937a48f38ad	data/fulfulde_run/audio/waxal_asr_8881466e4a9c460fb5ca9937a48f38ad.wav	10.464	54.37	0.78	ɗi njogi laawol, o tokki purtup, purtup, purtup ɗi ɗon ngara ni nder ladde. Ɗi ɗon ngara nii, o ɗon nodda nii :	ɗi njogi laawol o tokki purtup purtup purtup ɗi ɗon ngara ni nder ladde ɗi ɗon ngara nii o ɗon nodda nii	22	unknown
waxal_asr_550d8e5d30c44578a8d2fbcf2aeef3f1	data/fulfulde_run/audio/waxal_asr_550d8e5d30c44578a8d2fbcf2aeef3f1.wav	3.66	45.14	0.82	puɗɗan mi yimango ma, o wii : booɗɗum,	puɗɗan mi yimango ma o wii booɗɗum	7	unknown
waxal_asr_1ff6790fc3a648eda296639ee2616b0c	data/fulfulde_run/audio/waxal_asr_1ff6790fc3a648eda296639ee2616b0c.wav	11.021	44.79	0.87	ee mi weli  mi heɓi ɓinngel, ee mi weli mi heɓi baaba, ee mi weeli mi heɓi ɓinngel, ee mi weli mi heɓi baaba ;	ee mi weli mi heɓi ɓinngel ee mi weli mi heɓi baaba ee mi weeli mi heɓi ɓinngel ee mi weli mi heɓi baaba	24	unknown
waxal_asr_db835faf879e4e00bd26943c6babb500	data/fulfulde_run/audio/waxal_asr_db835faf879e4e00bd26943c6babb500.wav	8.539	47.14	0.81	Suy, ooɗo waɗi reedu, oo boo waɗi reedu, tokki, tokki ɓe ɗon njooɗi, ɓe ɗon njooɗi,	suy ooɗo waɗi reedu oo boo waɗi reedu tokki tokki ɓe ɗon njooɗi ɓe ɗon njooɗi	16	unknown
waxal_asr_f7ed3ed59a9b4f669e11897fb878e25a	data/fulfulde_run/audio/waxal_asr_f7ed3ed59a9b4f669e11897fb878e25a.wav	3.79	45.11	0.82	ayyee! ɓeye bee ɓeye uwi ngel?	ayyee ɓeye bee ɓeye uwi ngel	6	unknown
waxal_asr_3a9dce44fa594e3794f59cad92600631	data/fulfulde_run/audio/waxal_asr_3a9dce44fa594e3794f59cad92600631.wav	10.548	47.91	0.74	Ɓe koo’i yolobri ɓe ndufani ɗi, puru ɓalwa-koppi timmini mudooje jeeɗiɗi, luttuɗi timminaay.	ɓe koo i yolobri ɓe ndufani ɗi puru ɓalwa-koppi timmini mudooje jeeɗiɗi luttuɗi timminaay	14	unknown
waxal_asr_ab312faca80b436d9479d8d172562996	data/fulfulde_run/audio/waxal_asr_ab312faca80b436d9479d8d172562996.wav	24.675	50.97	0.78	Jam, yaadikko goo wari ɗoofi waato ɗaɗi goo itti cottini, wiɗi lesdi man fuu, ɗoofi ɗaɗol goo fuu sakkini, jam ɓe kuucidi, janngo weeti fajira o hoo’I nyorowɗe o hokki mo, o tokki laawol, o yehi, o faandi winnde dundeehi	jam yaadikko goo wari ɗoofi waato ɗaɗi goo itti cottini wiɗi lesdi man fuu ɗoofi ɗaɗol goo fuu sakkini jam ɓe kuucidi janngo weeti fajira o hoo i nyorowɗe o hokki mo o tokki laawol o yehi o faandi winnde dundeehi	41	unknown
waxal_asr_5b82de4dec9c4e0abe146239f6f1ddc2	data/fulfulde_run/audio/waxal_asr_5b82de4dec9c4e0abe146239f6f1ddc2.wav	5.126	39.48	0.88	Jam, gorko goo wi’ata mo yoo : rewre mi jali ma;	jam gorko goo wi ata mo yoo rewre mi jali ma	11	unknown
waxal_asr_69e3bfc86a17488a825e3720ab6ad31a	data/fulfulde_run/audio/waxal_asr_69e3bfc86a17488a825e3720ab6ad31a.wav	8.76	38.17	0.91	Ɓe koo’oyi budurwa ɓe ngaddani mo, budurwa goo, maccuɗo goo yehi nanngi ɗum junngo.	ɓe koo oyi budurwa ɓe ngaddani mo budurwa goo maccuɗo goo yehi nanngi ɗum junngo	15	unknown
waxal_asr_53800bfc9a894760b9f76e9fca8a9899	data/fulfulde_run/audio/waxal_asr_53800bfc9a894760b9f76e9fca8a9899.wav	6.794	52.22	0.81	Ngel wari ngel tawi colel goo ɗon suɓta kaa’e moɗa har harde.	ngel wari ngel tawi colel goo ɗon suɓta kaa e moɗa har harde	13	unknown
waxal_asr_5871717c49bf468d88e59850dba8c47d	data/fulfulde_run/audio/waxal_asr_5871717c49bf468d88e59850dba8c47d.wav	3.06	55.69	0.73	huucan kadi, a huucan ?	huucan kadi a huucan	4	unknown
waxal_asr_97a548a60b7a4bad98afbae9f9256c8c	data/fulfulde_run/audio/waxal_asr_97a548a60b7a4bad98afbae9f9256c8c.wav	9.331	33.08	0.92	Pucci baaba maako sappo, o wii baaba maako rufana ɗi galaaji ɗi mbaala nyaamgo, rufani ɗi galaaji ɗi mbaali nyaamgo.	pucci baaba maako sappo o wii baaba maako rufana ɗi galaaji ɗi mbaala nyaamgo rufani ɗi galaaji ɗi mbaali nyaamgo	20	unknown
waxal_asr_54562c50ddee41f2aab61c81b57de37b	data/fulfulde_run/audio/waxal_asr_54562c50ddee41f2aab61c81b57de37b.wav	7.918	43.5	0.87	o yaadi bee puccu maako maapinndiiwu puru ɓalwa-koppi ɗum, kanko boo o yaadi.	o yaadi bee puccu maako maapinndiiwu puru ɓalwa-koppi ɗum kanko boo o yaadi	13	unknown
waxal_asr_489c17e13b2e4c1795e75068a248434c	data/fulfulde_run/audio/waxal_asr_489c17e13b2e4c1795e75068a248434c.wav	6.307	38.87	0.91	Yowwaa! suy poolel goo dilli haa jawmu baali kadi ɗon yima.	yowwaa suy poolel goo dilli haa jawmu baali kadi ɗon yima	11	unknown
waxal_asr_e9688fd98e1f482dbe582baf67cd15df	data/fulfulde_run/audio/waxal_asr_e9688fd98e1f482dbe582baf67cd15df.wav	5.001	34.64	0.9	o wii : na’i baaba am ɗuuɗɗi mi hokki ma, o wii : mi yiɗaa.	o wii na i baaba am ɗuuɗɗi mi hokki ma o wii mi yiɗaa	14	unknown
waxal_asr_b44fed3cc7fb405cab93e26a2e2c431f	data/fulfulde_run/audio/waxal_asr_b44fed3cc7fb405cab93e26a2e2c431f.wav	4.556	52.62	0.78	yoo ladde Alla ɗon jaɓani mi nyippataa?	yoo ladde alla ɗon jaɓani mi nyippataa	7	unknown
waxal_asr_f2071571b35d404f8f88a50b8d55bfbd	data/fulfulde_run/audio/waxal_asr_f2071571b35d404f8f88a50b8d55bfbd.wav	3.577	40.12	0.9	Kadi boo nii, o tokki o wardi ɓe pat.	kadi boo nii o tokki o wardi ɓe pat	9	unknown
waxal_asr_1028746fd0d94d4780f2f49f0dc0e520	data/fulfulde_run/audio/waxal_asr_1028746fd0d94d4780f2f49f0dc0e520.wav	9.361	41.93	0.83	Laamɗo kadi, a wii no yoo a yiɗaa debbo on, naa a semti laamɗo, laari ndaynuɗa mo naa?	laamɗo kadi a wii no yoo a yiɗaa debbo on naa a semti laamɗo laari ndaynuɗa mo naa	18	unknown
waxal_asr_63db935740a24d4fbea85bca6e7b3f41	data/fulfulde_run/audio/waxal_asr_63db935740a24d4fbea85bca6e7b3f41.wav	3.203	51.08	0.83	ooho waɗugo beembal ban nii;	ooho waɗugo beembal ban nii	5	unknown
waxal_asr_d6a27d91832e42dc81542f5f820fa16f	data/fulfulde_run/audio/waxal_asr_d6a27d91832e42dc81542f5f820fa16f.wav	5.086	52.26	0.6	goni ma weli; goni gooyngol bela;	goni ma weli goni gooyngol bela	6	unknown
waxal_asr_ef9e6036ad3a437ca4fdc7de1221d7c3	data/fulfulde_run/audio/waxal_asr_ef9e6036ad3a437ca4fdc7de1221d7c3.wav	7.8	48.51	0.7	puru ɓalwa-koppi arta timmina, ɗi timmina, nden luttuɗi timmintaa.	puru ɓalwa-koppi arta timmina ɗi timmina nden luttuɗi timmintaa	9	unknown
waxal_asr_f31c23aa62884d38887e704e9121d6e3	data/fulfulde_run/audio/waxal_asr_f31c23aa62884d38887e704e9121d6e3.wav	6.667	33.6	0.91	yaadikko am hokkimmi dumo wii mi yaha mi mooroyo haa mututu gojoowa ;	yaadikko am hokkimmi dumo wii mi yaha mi mooroyo haa mututu gojoowa	12	unknown
waxal_asr_b494712b1dcb486f9ba903823b2477b6	data/fulfulde_run/audio/waxal_asr_b494712b1dcb486f9ba903823b2477b6.wav	5.222	41.36	0.88	Kadi boo o lorti haa gorko goo, o wii : fahin hokkam anndal.	kadi boo o lorti haa gorko goo o wii fahin hokkam anndal	12	unknown
waxal_asr_69b7a98f321b4151a908f64267f0470a	data/fulfulde_run/audio/waxal_asr_69b7a98f321b4151a908f64267f0470a.wav	2.782	53.69	0.73	ɗon ɗon njaalnoomi nde.	ɗon ɗon njaalnoomi nde	4	unknown
waxal_asr_16958a0598c34976b349ea49affd9502	data/fulfulde_run/audio/waxal_asr_16958a0598c34976b349ea49affd9502.wav	7.136	47.05	0.86	Noorwa jey ɗofti mo goo, lori kadi haa jawmum’en, yehi non ɓe mbii mo yoo :	noorwa jey ɗofti mo goo lori kadi haa jawmum en yehi non ɓe mbii mo yoo	16	unknown
waxal_asr_58a917a35ba74b82b57fc615877cc504	data/fulfulde_run/audio/waxal_asr_58a917a35ba74b82b57fc615877cc504.wav	12.622	46.56	0.79	Kanko boo laamɗo hooci mo, ɓe mba’’ini mo, yehi seekani mo wuro, fattude, seekani wuro nii, adda boo laamɗo ɓaŋi ɗum.	kanko boo laamɗo hooci mo ɓe mba ini mo yehi seekani mo wuro fattude seekani wuro nii adda boo laamɗo ɓaŋi ɗum	22	unknown
waxal_asr_35066d80c3d54bc484dfafd8aa7f9a8a	data/fulfulde_run/audio/waxal_asr_35066d80c3d54bc484dfafd8aa7f9a8a.wav	3.525	29.96	0.93	Amma saakinde bee baaba saakinde muuɗum.	amma saakinde bee baaba saakinde muuɗum	6	unknown
waxal_asr_27b448ca19014773911228c2ecddd6ef	data/fulfulde_run/audio/waxal_asr_27b448ca19014773911228c2ecddd6ef.wav	7.685	49.97	0.8	Jam, daada warti, roonti, o sali roontugo ɗum, e to keɓɗaa oo boo?	jam daada warti roonti o sali roontugo ɗum e to keɓɗaa oo boo	13	unknown
waxal_asr_14c525e8838e436abd3f2d7ca8c042e5	data/fulfulde_run/audio/waxal_asr_14c525e8838e436abd3f2d7ca8c042e5.wav	2.979	53.22	0.73	gurguyuu guyyuutu;	gurguyuu guyyuutu	2	unknown
waxal_asr_d6581746933a4e1fa4875d2e2bac1136	data/fulfulde_run/audio/waxal_asr_d6581746933a4e1fa4875d2e2bac1136.wav	14.82	49.67	0.7	O ɓorni limce worɓeeje o yaadi kadi, to a hoocaay ndilluɗen fuu, ɓe nanngete haa ɓe ɓaŋe ɗon, o wii yoo : booɗɗum.	o ɓorni limce worɓeeje o yaadi kadi to a hoocaay ndilluɗen fuu ɓe nanngete haa ɓe ɓaŋe ɗon o wii yoo booɗɗum	22	unknown
waxal_asr_58bf6c25770747618fdccfe139caac5e	data/fulfulde_run/audio/waxal_asr_58bf6c25770747618fdccfe139caac5e.wav	2.357	48.63	0.82	subbanammi jaarel;	subbanammi jaarel	2	unknown
waxal_asr_cbe7d90b00244b5eb2a1eb0fa4a9ab6b	data/fulfulde_run/audio/waxal_asr_cbe7d90b00244b5eb2a1eb0fa4a9ab6b.wav	2.691	45.76	0.82	O wii : hoondu am nduyeeru?	o wii hoondu am nduyeeru	5	unknown
waxal_asr_5ba9b16ee7e44d8ba683ad777177b7e4	data/fulfulde_run/audio/waxal_asr_5ba9b16ee7e44d8ba683ad777177b7e4.wav	22.513	52.17	0.75	Jam o yaali pahanngel ɗon fata, haako takake, timmi, jam : laawam, laawam, to a laawi yam ndottaa mi, to a rotti yam nyaama mi, o laawi o rotti, o nyaami pat, o roonti o jo’’ini kuuje, o ummi maako o dilli,	jam o yaali pahanngel ɗon fata haako takake timmi jam laawam laawam to a laawi yam ndottaa mi to a rotti yam nyaama mi o laawi o rotti o nyaami pat o roonti o jo ini kuuje o ummi maako o dilli	42	unknown
waxal_asr_920edfade71149a5b0f38e2b28460193	data/fulfulde_run/audio/waxal_asr_920edfade71149a5b0f38e2b28460193.wav	4.86	41.47	0.85	Jam, kad doo o yiiwi, o wi’ata : e to ɓinngel am?	jam kad doo o yiiwi o wi ata e to ɓinngel am	12	unknown
waxal_asr_84838519a6a4407c8a357b523745d8f3	data/fulfulde_run/audio/waxal_asr_84838519a6a4407c8a357b523745d8f3.wav	10.978	53.51	0.79	ndaa njaare yam haa jaɓɓi too ɗoo leɗɗe ɗon joorɗe haa mi yaha mi itta, on kuɓɓa yiite bee man on njuɗam mi.	ndaa njaare yam haa jaɓɓi too ɗoo leɗɗe ɗon joorɗe haa mi yaha mi itta on kuɓɓa yiite bee man on njuɗam mi	23	unknown
waxal_asr_3aed387ab4284da9a12899c7e54c5f5c	data/fulfulde_run/audio/waxal_asr_3aed387ab4284da9a12899c7e54c5f5c.wav	11.76	53.71	0.8	Jam, yaadikko wi’ata : ɓiira an maa keɓɗaa sakko ɓiyam, hoo’I dumo hokki ɓiyum : yah mooroya haa mututu gojoowa,	jam yaadikko wi ata ɓiira an maa keɓɗaa sakko ɓiyam hoo i dumo hokki ɓiyum yah mooroya haa mututu gojoowa	20	unknown
waxal_asr_a95d287c6d584e4da261845d4e8f578d	data/fulfulde_run/audio/waxal_asr_a95d287c6d584e4da261845d4e8f578d.wav	2.443	51.76	0.73	fotti e kurma liyel;	fotti e kurma liyel	4	unknown
waxal_asr_64d6f7ebaf4947588f2145b200903f87	data/fulfulde_run/audio/waxal_asr_64d6f7ebaf4947588f2145b200903f87.wav	5.939	48.38	0.83	Derke’en naa a dullu ba iraada nanaroy koy.	derke en naa a dullu ba iraada nanaroy koy	9	unknown
waxal_asr_23a43f3570a3410b92febef3a34cf380	data/fulfulde_run/audio/waxal_asr_23a43f3570a3410b92febef3a34cf380.wav	23.408	51.89	0.79	Jam, har gorko wii mo : dara ɗoo goo, ɓernde maako seki, o anndi, o numi ka kam. O hoo’i jalɓel goo, o sakkini nii laaati duɓɓi o wa’’i, laati duɓɓi juutki o wa’’i, o wa’’i haa yerere duɓɓi o wa’’i o dari, o fiiri dow ton o dari.	jam har gorko wii mo dara ɗoo goo ɓernde maako seki o anndi o numi ka kam o hoo i jalɓel goo o sakkini nii laaati duɓɓi o wa i laati duɓɓi juutki o wa i o wa i haa yerere duɓɓi o wa i o dari o fiiri dow ton o dari	53	unknown
waxal_asr_7e7ef8cf99284bec91c7e44f7093aa40	data/fulfulde_run/audio/waxal_asr_7e7ef8cf99284bec91c7e44f7093aa40.wav	2.995	48.53	0.84	nyawu Alla mi saalitinan naa?	nyawu alla mi saalitinan naa	5	unknown
waxal_asr_e7dcebf61b7148ceafacf56503715507	data/fulfulde_run/audio/waxal_asr_e7dcebf61b7148ceafacf56503715507.wav	2.968	49.47	0.61	Jam, ngol timmi.	jam ngol timmi	3	unknown
waxal_asr_8a6a0f96aa1f4a8ea039d373ac643f55	data/fulfulde_run/audio/waxal_asr_8a6a0f96aa1f4a8ea039d373ac643f55.wav	6.01	45.55	0.88	haa goɗɗo amin nasta kadi boo, jonta kam min kultori goɗɗo nasta.	haa goɗɗo amin nasta kadi boo jonta kam min kultori goɗɗo nasta	12	unknown
waxal_asr_ffa114bc72fa460389ee884efadfda6e	data/fulfulde_run/audio/waxal_asr_ffa114bc72fa460389ee884efadfda6e.wav	11.473	46.64	0.85	jam, nden laamɗo wii : hannde kam, Fatuma Ndoonya woodi e ɓuutimmi e danngo ɗoo, wari laarani yam naa;	jam nden laamɗo wii hannde kam fatuma ndoonya woodi e ɓuutimmi e danngo ɗoo wari laarani yam naa	18	unknown
waxal_asr_791a1e5605b2461fbcbf6897acbe3719	data/fulfulde_run/audio/waxal_asr_791a1e5605b2461fbcbf6897acbe3719.wav	11.94	49.98	0.66	O wii : en cenndirtaa, o efti maayɗo o tokkake ɓe, o yehi o wallini dammuɗe baaba maɓɓe.	o wii en cenndirtaa o efti maayɗo o tokkake ɓe o yehi o wallini dammuɗe baaba maɓɓe	17	unknown
waxal_asr_69e7ba5e9ded403c9fee677095325a4f	data/fulfulde_run/audio/waxal_asr_69e7ba5e9ded403c9fee677095325a4f.wav	3.848	35.31	0.91	Jam, o wasi gaɗa suudu o uwi leggal.	jam o wasi gaɗa suudu o uwi leggal	8	unknown
waxal_asr_cff5c108d85b4e498373677ff4a12822	data/fulfulde_run/audio/waxal_asr_cff5c108d85b4e498373677ff4a12822.wav	8.419	35.06	0.87	Deerɗiiko goo o ɗofti ɗum o lorake o tawi weendu ɗon heewi ndiyam daneejam tal, o wii :	deerɗiiko goo o ɗofti ɗum o lorake o tawi weendu ɗon heewi ndiyam daneejam tal o wii	17	unknown
waxal_asr_ac7dbfc6f34e4605897875b4b2bb21b8	data/fulfulde_run/audio/waxal_asr_ac7dbfc6f34e4605897875b4b2bb21b8.wav	14.298	47.76	0.78	no ngiɗɗa mi waɗa yaadikko, o wii : miin kam walaa ko ngiɗmi ngaɗa mo, sey tufa mo yitere, ngurtiniraa mo guunduwal o dilla.	no ngiɗɗa mi waɗa yaadikko o wii miin kam walaa ko ngiɗmi ngaɗa mo sey tufa mo yitere ngurtiniraa mo guunduwal o dilla	23	unknown
waxal_asr_e60a140c2dc540819c52d8d262f091de	data/fulfulde_run/audio/waxal_asr_e60a140c2dc540819c52d8d262f091de.wav	13.779	51.38	0.79	O yehi haa saare Ibrahim boo, o tawi Ibiraahim maayi ɓe ɗon ngaɗa dabare haa ɓe uwa mo, gorgi maako en ɗon keewi suudu.	o yehi haa saare ibrahim boo o tawi ibiraahim maayi ɓe ɗon ngaɗa dabare haa ɓe uwa mo gorgi maako en ɗon keewi suudu	24	unknown
waxal_asr_af599ecb9f1d4ea6979e2ee61b767c6d	data/fulfulde_run/audio/waxal_asr_af599ecb9f1d4ea6979e2ee61b767c6d.wav	5.197	47.3	0.85	woliinde gooyngol bilaa. woliinde gooyngol bilaa.	woliinde gooyngol bilaa woliinde gooyngol bilaa	6	unknown
waxal_asr_e06e220921fd45b7983d711a62645f4f	data/fulfulde_run/audio/waxal_asr_e06e220921fd45b7983d711a62645f4f.wav	12.143	49.71	0.72	Ɓinngel goo mawni, o wii walaa ɓaŋanɗo mo sil laamɗo, ngel ɓadataako yiite, laamɗo wii ɓaŋan.	ɓinngel goo mawni o wii walaa ɓaŋanɗo mo sil laamɗo ngel ɓadataako yiite laamɗo wii ɓaŋan	16	unknown
waxal_asr_0c65e5ca7cbc4fbc894aa6a8cf53dff4	data/fulfulde_run/audio/waxal_asr_0c65e5ca7cbc4fbc894aa6a8cf53dff4.wav	10.474	44.42	0.75	Uhm? Gorko wii : miin kam doŋle ɗiɗi tappan maami maɓɓoode tataɓal kam mi anndaa moy waddi.	uhm gorko wii miin kam doŋle ɗiɗi tappan maami maɓɓoode tataɓal kam mi anndaa moy waddi	16	unknown
waxal_asr_100090d9366f4998a86758e9680a8c78	data/fulfulde_run/audio/waxal_asr_100090d9366f4998a86758e9680a8c78.wav	6.826	29.57	0.95	Adda goo ɗon dogga, ɗon dogga, ɗon dogga, ɗon dogga non, yehi yolli tawi jiire ɗon sanynya.	adda goo ɗon dogga ɗon dogga ɗon dogga ɗon dogga non yehi yolli tawi jiire ɗon sanynya	17	unknown
waxal_asr_f7a52e1108d3474e8e80134de0de2514	data/fulfulde_run/audio/waxal_asr_f7a52e1108d3474e8e80134de0de2514.wav	4.56	49.52	0.72	Ndiyam boo ɗon nder ton, ɓe mbi’a mo : siwaa,	ndiyam boo ɗon nder ton ɓe mbi a mo siwaa	10	unknown
waxal_asr_cf2ded1467164ef08908f7622d453028	data/fulfulde_run/audio/waxal_asr_cf2ded1467164ef08908f7622d453028.wav	10.071	50.54	0.76	O wii yoo : naa maayɗo goo o yaari nde woore o jaɓi too goo, o wari haa ɗoo boo o jaɓa hunnde.	o wii yoo naa maayɗo goo o yaari nde woore o jaɓi too goo o wari haa ɗoo boo o jaɓa hunnde	22	unknown
waxal_asr_79613528422b4e5eaf60f07773dbdd08	data/fulfulde_run/audio/waxal_asr_79613528422b4e5eaf60f07773dbdd08.wav	3.438	45.85	0.91	goɗɗo nasti haa humpito wurtaaki;	goɗɗo nasti haa humpito wurtaaki	5	unknown
waxal_asr_cce6eedbd37b4104ba56dca1f66d946c	data/fulfulde_run/audio/waxal_asr_cce6eedbd37b4104ba56dca1f66d946c.wav	8.771	40.53	0.87	Jam, nyaamuri’en goo, nde faɓɓi goo, ɓe mbi’ata mo yoo : Hamman ta’i hoondu ma min ndaara naa?	jam nyaamuri en goo nde faɓɓi goo ɓe mbi ata mo yoo hamman ta i hoondu ma min ndaara naa	20	unknown
waxal_asr_7931fdbc21304d57ac3915af0187a487	data/fulfulde_run/audio/waxal_asr_7931fdbc21304d57ac3915af0187a487.wav	11.61	42.31	0.85	Sammboyel goo ummi yehi wi’ata laamɗo yoo : ii! Daada wii yoo ndokka ɗum luwal rawaandu haa waatira leeɓol gertooɗe.	sammboyel goo ummi yehi wi ata laamɗo yoo ii daada wii yoo ndokka ɗum luwal rawaandu haa waatira leeɓol gertooɗe	20	unknown
waxal_asr_887ee857f8974025823cc57f6dcb10ac	data/fulfulde_run/audio/waxal_asr_887ee857f8974025823cc57f6dcb10ac.wav	2.171	45.7	0.67	Keɗe, keɗe naa?	keɗe keɗe naa	3	unknown
waxal_asr_1428a9fe435f4ffebf86bca29d7f6ee4	data/fulfulde_run/audio/waxal_asr_1428a9fe435f4ffebf86bca29d7f6ee4.wav	14.16	49.43	0.81	Gorko goo wii : kadi boo dow ndawrawa ma, o wii : ooho, o hokki gorko goo dawrawol fahin, lutti dawrawol maako gootol.	gorko goo wii kadi boo dow ndawrawa ma o wii ooho o hokki gorko goo dawrawol fahin lutti dawrawol maako gootol	21	unknown
waxal_asr_d837d40ae3054230992843d020041927	data/fulfulde_run/audio/waxal_asr_d837d40ae3054230992843d020041927.wav	3.48	50.38	0.78	A yaraay fuu ƴama Damseere naa?	a yaraay fuu ƴama damseere naa	6	unknown
waxal_asr_c2dcaeebc72d46df947512bb6c93c1bf	data/fulfulde_run/audio/waxal_asr_c2dcaeebc72d46df947512bb6c93c1bf.wav	2.25	53.19	0.59	Ooho, too;	ooho too	2	unknown
waxal_asr_eac03767eec444f0876372dda6831d88	data/fulfulde_run/audio/waxal_asr_eac03767eec444f0876372dda6831d88.wav	19.645	49.72	0.83	Nga ummi nga ɗon harka non goo, koy njehi koy mbaaloyi koy ɗaanake, o wi’ata ɓinngel goo : umma to a tawi ban naane goo ngara, to a tawi suudu ɗon mbalwa boo, dippitaa wicco gaaji ngara;	nga ummi nga ɗon harka non goo koy njehi koy mbaaloyi koy ɗaanake o wi ata ɓinngel goo umma to a tawi ban naane goo ngara to a tawi suudu ɗon mbalwa boo dippitaa wicco gaaji ngara	37	unknown
waxal_asr_7eb65b40d23f426191d49eb96f26795c	data/fulfulde_run/audio/waxal_asr_7eb65b40d23f426191d49eb96f26795c.wav	10.538	51.98	0.75	Nde kon kawti kon ndilli kon tawoyi ɓunndu baaɗi, gootel wii yoo too, moy nastata kadi?	nde kon kawti kon ndilli kon tawoyi ɓunndu baaɗi gootel wii yoo too moy nastata kadi	16	unknown
waxal_asr_bd9ee33fd3074845a51404b0454244ff	data/fulfulde_run/audio/waxal_asr_bd9ee33fd3074845a51404b0454244ff.wav	8.22	46.53	0.8	Ayyee sinaa laamɗo yiɗi riwgo yam nii, wi’a mi mooɓtana ɗum leeɓol gertooɗe;	ayyee sinaa laamɗo yiɗi riwgo yam nii wi a mi mooɓtana ɗum leeɓol gertooɗe	14	unknown
waxal_asr_575d43e769214291b6a853edab8e56c5	data/fulfulde_run/audio/waxal_asr_575d43e769214291b6a853edab8e56c5.wav	8.207	41.3	0.84	Asee her o waddi maayɗo goo o ɗon ɓaari, o ɗon ɓaari kad doo debbo ɗon hoolda bee gorko jemma.	asee her o waddi maayɗo goo o ɗon ɓaari o ɗon ɓaari kad doo debbo ɗon hoolda bee gorko jemma	20	unknown
waxal_asr_348a004766834172b7bb332d7e12f15a	data/fulfulde_run/audio/waxal_asr_348a004766834172b7bb332d7e12f15a.wav	2.76	56.51	0.74	E no gaasa waatori?	e no gaasa waatori	4	unknown
waxal_asr_b8baad49b3ab419ababfb9958cf6cbfa	data/fulfulde_run/audio/waxal_asr_b8baad49b3ab419ababfb9958cf6cbfa.wav	4.818	46.98	0.82	laamɗo wari tawi hunnde nde, mbooɗga goo ɗon waali.	laamɗo wari tawi hunnde nde mbooɗga goo ɗon waali	9	unknown
waxal_asr_a222735bf02947d58d2cdfb0e8c714e0	data/fulfulde_run/audio/waxal_asr_a222735bf02947d58d2cdfb0e8c714e0.wav	3.805	50.04	0.85	mbi’a ɓuudi ɓuuti ma, kuɓɓa yiite,	mbi a ɓuudi ɓuuti ma kuɓɓa yiite	7	unknown
waxal_asr_356103a145694727bfa27ed97e1f8304	data/fulfulde_run/audio/waxal_asr_356103a145694727bfa27ed97e1f8304.wav	5.373	28.44	0.96	Taalel taalel kuɗel gommbel, gommbirgel caka fellere maama kanumjo.	taalel taalel kuɗel gommbel gommbirgel caka fellere maama kanumjo	9	unknown
waxal_asr_9b3937c046324a5f88e310a5ca11ea6d	data/fulfulde_run/audio/waxal_asr_9b3937c046324a5f88e310a5ca11ea6d.wav	2.525	52.78	0.62	Ɗum dilli kiita.	ɗum dilli kiita	3	unknown
waxal_asr_52cc3b20f7fc4264a599af88b57184e9	data/fulfulde_run/audio/waxal_asr_52cc3b20f7fc4264a599af88b57184e9.wav	2.892	48.15	0.82	kay min en cenndirtaa;	kay min en cenndirtaa	4	unknown
waxal_asr_1aee36924185447a95c15aae972620d0	data/fulfulde_run/audio/waxal_asr_1aee36924185447a95c15aae972620d0.wav	15.129	52.31	0.79	Suy ɓikkoy goo kam naa ndocci, weeti fajira, Sammbo dawi : Alla woonane no mbaalduɗa bee mettuɗum ɓernde. Laa laa, ummee ndillen.	suy ɓikkoy goo kam naa ndocci weeti fajira sammbo dawi alla woonane no mbaalduɗa bee mettuɗum ɓernde laa laa ummee ndillen	21	unknown
waxal_asr_7d08d1d2db1549128d7c7de4d1c87c3f	data/fulfulde_run/audio/waxal_asr_7d08d1d2db1549128d7c7de4d1c87c3f.wav	7.38	31.67	0.89	Ɓiira ɓe mbii to ɓe caalake maral laamɗo oo, ɓe nasti maral laamɗo ooya nii ɓe ndaɗi,	ɓiira ɓe mbii to ɓe caalake maral laamɗo oo ɓe nasti maral laamɗo ooya nii ɓe ndaɗi	17	unknown
waxal_asr_6725c2e99c4747ad9b76e426179e3cb7	data/fulfulde_run/audio/waxal_asr_6725c2e99c4747ad9b76e426179e3cb7.wav	5.228	48.38	0.84	Dundeehi wii mo yahu Sato ɓinngel am, yahu sato;	dundeehi wii mo yahu sato ɓinngel am yahu sato	9	unknown
waxal_asr_fad1c86e83974f519443585ad178dd41	data/fulfulde_run/audio/waxal_asr_fad1c86e83974f519443585ad178dd41.wav	2.801	53.59	0.81	ko baa wii no, ko daa wii no?	ko baa wii no ko daa wii no	8	unknown
waxal_asr_98dcb8c33f17471db783eff2698dff15	data/fulfulde_run/audio/waxal_asr_98dcb8c33f17471db783eff2698dff15.wav	4.436	45.1	0.86	Yoo, e waande an ko pilnyitaniɗaa?	yoo e waande an ko pilnyitaniɗaa	6	unknown
waxal_asr_a8cd0c7e24f94469a1d2200824c6c489	data/fulfulde_run/audio/waxal_asr_a8cd0c7e24f94469a1d2200824c6c489.wav	20.755	49.71	0.79	Jiire jaɓa jey fowru goo, roondo seeɗa, fowru jaɓa roondo jey jiire ɓe njaha seeɗa. Jam ɓe njehi ɓe ɓaɗi wuro goo, jiire wii : soobaajo fowru mi bu’oyan; yoo en ndoonte haa ɗoo.	jiire jaɓa jey fowru goo roondo seeɗa fowru jaɓa roondo jey jiire ɓe njaha seeɗa jam ɓe njehi ɓe ɓaɗi wuro goo jiire wii soobaajo fowru mi bu oyan yoo en ndoonte haa ɗoo	34	unknown
waxal_asr_d48c2056092d4751a9a47560a8da9933	data/fulfulde_run/audio/waxal_asr_d48c2056092d4751a9a47560a8da9933.wav	2.46	21.32	0.93	mo yeeso annoora ngarmi laargo;	mo yeeso annoora ngarmi laargo	5	unknown
waxal_asr_3005602393784721bfb1862c37b6a06c	data/fulfulde_run/audio/waxal_asr_3005602393784721bfb1862c37b6a06c.wav	7.038	36.96	0.92	O tawi gilɗi tati, kad doo o loorti o wii mallumjo, mallumjo wii mo o acca.	o tawi gilɗi tati kad doo o loorti o wii mallumjo mallumjo wii mo o acca	16	unknown
waxal_asr_1a5c31a95c5f42d58d2121bee1c0c299	data/fulfulde_run/audio/waxal_asr_1a5c31a95c5f42d58d2121bee1c0c299.wav	2.52	51.2	0.69	Mbuulu dilli keeraandi.	mbuulu dilli keeraandi	3	unknown
waxal_asr_bc2b9759c9824127a2987741f564bf7d	data/fulfulde_run/audio/waxal_asr_bc2b9759c9824127a2987741f564bf7d.wav	4.107	46.93	0.88	waato leɗɗe man fuu sakkini nder maayo,	waato leɗɗe man fuu sakkini nder maayo	7	unknown
waxal_asr_48e4fad14b4942d09799fb04463cdaad	data/fulfulde_run/audio/waxal_asr_48e4fad14b4942d09799fb04463cdaad.wav	3.36	39.7	0.83	jidde nyaamuri’en ɗoo pat tawon,	jidde nyaamuri en ɗoo pat tawon	6	unknown
waxal_asr_3fc74fbafc7c47089e4318a89536a98f	data/fulfulde_run/audio/waxal_asr_3fc74fbafc7c47089e4318a89536a98f.wav	4.115	26.06	0.93	Tum nii non non, tum nii non non haa ɓinngel goo waɗi reedu.	tum nii non non tum nii non non haa ɓinngel goo waɗi reedu	13	unknown
waxal_asr_29dc5f298c854bb9bb273a7a5b7225ae	data/fulfulde_run/audio/waxal_asr_29dc5f298c854bb9bb273a7a5b7225ae.wav	4.08	48.23	0.71	jam, ɓe njooɗi, ɓe njooɗi, ɓikkoy ngari;	jam ɓe njooɗi ɓe njooɗi ɓikkoy ngari	7	unknown
waxal_asr_1685574f93894c42adfd1573ea2ebebc	data/fulfulde_run/audio/waxal_asr_1685574f93894c42adfd1573ea2ebebc.wav	18.43	53.61	0.72	Ɓe ɗon ngewta bee debbo hm hm! No ngaɗan mi? O wii non non o wanngi dow maɓɓe, o wii : ko ngewtoton? Ɓe mbii : lh! Naa ndaa mi wari goɗɗo ɗoo, mi anndaa no ngaɗan mi.	ɓe ɗon ngewta bee debbo hm hm no ngaɗan mi o wii non non o wanngi dow maɓɓe o wii ko ngewtoton ɓe mbii lh naa ndaa mi wari goɗɗo ɗoo mi anndaa no ngaɗan mi	36	unknown
waxal_asr_aea4861c50e54ea691f129c80c45e256	data/fulfulde_run/audio/waxal_asr_aea4861c50e54ea691f129c80c45e256.wav	4.492	49.55	0.85	Ɓe mbii hunnde ndee ɗoo laamɗo fiyi bay bay.	ɓe mbii hunnde ndee ɗoo laamɗo fiyi bay bay	9	unknown
waxal_asr_653010b7395943229159ee4a1d892697	data/fulfulde_run/audio/waxal_asr_653010b7395943229159ee4a1d892697.wav	2.785	57.1	0.78	E no ngaari ɓiroora?	e no ngaari ɓiroora	4	unknown
waxal_asr_e890d652b2ba412196307a2654691bf0	data/fulfulde_run/audio/waxal_asr_e890d652b2ba412196307a2654691bf0.wav	7.348	44.81	0.76	Jam, o wi’ata puldebbo goo yoo : jottakam miin kam to Alla gaddiri kam,	jam o wi ata puldebbo goo yoo jottakam miin kam to alla gaddiri kam	14	unknown
waxal_asr_404060924aa049d7a7d5d53f4d48861a	data/fulfulde_run/audio/waxal_asr_404060924aa049d7a7d5d53f4d48861a.wav	5.738	43.98	0.83	Jam, debbo goo reedu yottake, debbo boo danyii, danyi debbo.	jam debbo goo reedu yottake debbo boo danyii danyi debbo	10	unknown
waxal_asr_f1996250f42b4b45895d0a805797e691	data/fulfulde_run/audio/waxal_asr_f1996250f42b4b45895d0a805797e691.wav	2.011	40.74	0.85	Ɓe nanngi wicco maako goo :	ɓe nanngi wicco maako goo	5	unknown
waxal_asr_cc0004c04699449290e38664e9940667	data/fulfulde_run/audio/waxal_asr_cc0004c04699449290e38664e9940667.wav	8.362	41.73	0.89	O yehi haa corɓoowo gawri : corɓoowo hokkorammi nyaande mi yahronoya mbamnga;	o yehi haa corɓoowo gawri corɓoowo hokkorammi nyaande mi yahronoya mbamnga	11	unknown
waxal_asr_be0e0be1900643d0b70d4b00ea9aa9e9	data/fulfulde_run/audio/waxal_asr_be0e0be1900643d0b70d4b00ea9aa9e9.wav	3.54	55.5	0.69	Dugusaare ɓesni, ngaron, ngaron;	dugusaare ɓesni ngaron ngaron	4	unknown
waxal_asr_60f575eef01940f9a48d9f549e5798c7	data/fulfulde_run/audio/waxal_asr_60f575eef01940f9a48d9f549e5798c7.wav	9.376	56.68	0.68	aan sonndu, to mi neli ma no mbi’ata? No mbi’an mi kam : cet cet cet;	aan sonndu to mi neli ma no mbi ata no mbi an mi kam cet cet cet	17	unknown
waxal_asr_7131663d1f2d4210a34f4c65e10f98b3	data/fulfulde_run/audio/waxal_asr_7131663d1f2d4210a34f4c65e10f98b3.wav	15.603	52.97	0.73	Kadi boo ɓiira laamɗo sirka parr! Ɓiira pucci goo nyaara ndo’’o nder ndiyam goo, heɓaay, walaa caaliingu ko ngootu.	kadi boo ɓiira laamɗo sirka parr ɓiira pucci goo nyaara ndo o nder ndiyam goo heɓaay walaa caaliingu ko ngootu	20	unknown
waxal_asr_46fa0337570248eabb0b288bb0793c22	data/fulfulde_run/audio/waxal_asr_46fa0337570248eabb0b288bb0793c22.wav	21.921	45.46	0.85	mi ɗon yi’a kusel jawle nii, ngadda non yam kusel himɓe! o yehi o nyeɗoyi, o wari o jooɗi maako, o nyaami, o haari, jam o nyeɗoyi ndiyam o yari, o we’’iti daago ɗon, o wari o ɓaarti, o we’’iti o waali,	mi ɗon yi a kusel jawle nii ngadda non yam kusel himɓe o yehi o nyeɗoyi o wari o jooɗi maako o nyaami o haari jam o nyeɗoyi ndiyam o yari o we iti daago ɗon o wari o ɓaarti o we iti o waali	45	unknown
waxal_asr_fe3c4983b2664d2b87ee24d3483fa503	data/fulfulde_run/audio/waxal_asr_fe3c4983b2664d2b87ee24d3483fa503.wav	2.017	54.28	0.63	Yoo ayyee?	yoo ayyee	2	unknown
waxal_asr_33cf237fd07a4802af1e49a78acd262b	data/fulfulde_run/audio/waxal_asr_33cf237fd07a4802af1e49a78acd262b.wav	5.396	38.38	0.9	ɓe eewi Hamman goo way! Wari non fecci nder maɓɓe pak!	ɓe eewi hamman goo way wari non fecci nder maɓɓe pak	11	unknown
waxal_asr_fb617c29e51547e7aabb413a7ed0fba1	data/fulfulde_run/audio/waxal_asr_fb617c29e51547e7aabb413a7ed0fba1.wav	2.183	54.46	0.76	kay mi haɓɓataa ma.	kay mi haɓɓataa ma	4	unknown
waxal_asr_0909378020a643c9800153b3eb5d5115	data/fulfulde_run/audio/waxal_asr_0909378020a643c9800153b3eb5d5115.wav	19.748	49.13	0.83	Duule toɓi helti, luggere heewi ndiyam, fuɗi ɓoore, mbaala nyaami haari, rimi njawdiri, ɓe ndokki mo njawdiri o yahrani cubboowo subbani mo jaaral, o yuwi noorwa nder ndiyam.	duule toɓi helti luggere heewi ndiyam fuɗi ɓoore mbaala nyaami haari rimi njawdiri ɓe ndokki mo njawdiri o yahrani cubboowo subbani mo jaaral o yuwi noorwa nder ndiyam	28	unknown
waxal_asr_e1986361c2844837b5f7322b5dfc41c6	data/fulfulde_run/audio/waxal_asr_e1986361c2844837b5f7322b5dfc41c6.wav	6.952	48.11	0.72	jam, o jippi, o wii mo : jippa jottakam a daɗi, o jippi.	jam o jippi o wii mo jippa jottakam a daɗi o jippi	12	unknown
waxal_asr_b6285303a138418bb9358214d4ecef76	data/fulfulde_run/audio/waxal_asr_b6285303a138418bb9358214d4ecef76.wav	2.7	53.57	0.68	himɓe o waddata?	himɓe o waddata	3	unknown
waxal_asr_1b3585c574c74b35a6f694e6f436b636	data/fulfulde_run/audio/waxal_asr_1b3585c574c74b35a6f694e6f436b636.wav	3.057	51.36	0.8	Taa seek le! Taa war ɗi;	taa seek le taa war ɗi	6	unknown
waxal_asr_fa0767f5b9fe4c689a39968c44bb41f2	data/fulfulde_run/audio/waxal_asr_fa0767f5b9fe4c689a39968c44bb41f2.wav	10.32	48.47	0.69	ammaa ndaa ɓe takani ma haako follere, taa taa nyaam follere, mettooɗa tis non acca.	ammaa ndaa ɓe takani ma haako follere taa taa nyaam follere mettooɗa tis non acca	15	unknown
waxal_asr_227048e3d95d477bac74db7bac3f5944	data/fulfulde_run/audio/waxal_asr_227048e3d95d477bac74db7bac3f5944.wav	2.117	42.17	0.89	suka njaala mi njala mi;	suka njaala mi njala mi	5	unknown
waxal_asr_5b9a4c9b8b0d41468cf4612a26a5f4cc	data/fulfulde_run/audio/waxal_asr_5b9a4c9b8b0d41468cf4612a26a5f4cc.wav	2.302	58.38	0.66	ko ndokkuɗaami?	ko ndokkuɗaami	2	unknown
waxal_asr_cd742832152a48afaa574903924bab0b	data/fulfulde_run/audio/waxal_asr_cd742832152a48afaa574903924bab0b.wav	24.129	50.11	0.71	ɗoftam, hooy bamɗe ɗoftaa yam babel feere, baaba hoo’i bamɗe ɗofti mo, ɓe njehi kam, ɓe adi kuujeeji kam, diga jawe care’en, limce, buhuuje gawri’en, noy noy’en, jam ɓe adi ɓe koori ;	ɗoftam hooy bamɗe ɗoftaa yam babel feere baaba hoo i bamɗe ɗofti mo ɓe njehi kam ɓe adi kuujeeji kam diga jawe care en limce buhuuje gawri en noy noy en jam ɓe adi ɓe koori	36	unknown
waxal_asr_716a1a96880347cd930739bf16c3d8cb	data/fulfulde_run/audio/waxal_asr_716a1a96880347cd930739bf16c3d8cb.wav	3.282	23.89	0.93	mo huduure e daande Daari-Bano.	mo huduure e daande daari-bano	5	unknown
waxal_asr_7949e9457c9442389149da8c1e2fc815	data/fulfulde_run/audio/waxal_asr_7949e9457c9442389149da8c1e2fc815.wav	19.496	56.2	0.74	O wa’’i o dilli, o eeri maayo o dilli, o yehoyi o silmini. Moy fuu wi’a : o debbo, wuro fuu ɗon nyo’a, goɗɗo boo wi’a : a’aa, on ɗon ngi’a o gorko nii, o debbo, o gorko nii, o debbo.	o wa i o dilli o eeri maayo o dilli o yehoyi o silmini moy fuu wi a o debbo wuro fuu ɗon nyo a goɗɗo boo wi a a aa on ɗon ngi a o gorko nii o debbo o gorko nii o debbo	45	unknown
waxal_asr_0d85069d5f214b3ab9ea83dac620055e	data/fulfulde_run/audio/waxal_asr_0d85069d5f214b3ab9ea83dac620055e.wav	5.919	53.22	0.77	Ɓe ngaɗan saahi naa malli haala timmi hikka nde?	ɓe ngaɗan saahi naa malli haala timmi hikka nde	9	unknown
waxal_asr_9c652255475040db91df0436d54e971f	data/fulfulde_run/audio/waxal_asr_9c652255475040db91df0436d54e971f.wav	7.181	52.14	0.7	Ɓinngel ngel, baaba maagel laafungel, daada maagel laafungel ;	ɓinngel ngel baaba maagel laafungel daada maagel laafungel	8	unknown
waxal_asr_b0f83efc5a3e4e5abf18245d584151d5	data/fulfulde_run/audio/waxal_asr_b0f83efc5a3e4e5abf18245d584151d5.wav	21.36	50.03	0.77	Jam, mo layɓi kuuje goo, mo huuci, yaadikko hooli haa ɓadi faɗɗugo mo, jam, tataɓre maajum, roondi mo kuuje goo sakiti ɓaawo maako, o faandi dundeehi goo o wi’ata :	jam mo layɓi kuuje goo mo huuci yaadikko hooli haa ɓadi faɗɗugo mo jam tataɓre maajum roondi mo kuuje goo sakiti ɓaawo maako o faandi dundeehi goo o wi ata	30	unknown
waxal_asr_aba93836a1af4ed4aa9aedd101ecee7f	data/fulfulde_run/audio/waxal_asr_aba93836a1af4ed4aa9aedd101ecee7f.wav	7.272	41.35	0.86	To noorji goo dilli nii, jiire hooca geeraaɗe goo yaha defa haa yiite nyaama.	to noorji goo dilli nii jiire hooca geeraaɗe goo yaha defa haa yiite nyaama	14	unknown
waxal_asr_a87a567e9242459d8ddaeb23637f6b72	data/fulfulde_run/audio/waxal_asr_a87a567e9242459d8ddaeb23637f6b72.wav	4.907	32.71	0.93	koo’a laanyirgal ngaɗa e buurudu maako, mbi’a caa jiga,	koo a laanyirgal ngaɗa e buurudu maako mbi a caa jiga	11	unknown
waxal_asr_622807fd38a04bfa8a09fced45af2950	data/fulfulde_run/audio/waxal_asr_622807fd38a04bfa8a09fced45af2950.wav	5.945	42.04	0.85	Derkeejo goo wii : booɗɗum, o hokki mo o yari o wii : mbelɗam kam.	derkeejo goo wii booɗɗum o hokki mo o yari o wii mbelɗam kam	13	unknown
waxal_asr_ed8507d9b63647c9903a9e965073a857	data/fulfulde_run/audio/waxal_asr_ed8507d9b63647c9903a9e965073a857.wav	5.863	34.8	0.89	Mbuulu kam ɗon saaɓna haa dilli haa ladde nyaamuri en non nii,	mbuulu kam ɗon saaɓna haa dilli haa ladde nyaamuri en non nii	12	unknown
waxal_asr_0597772da80548f28f9622aedf47e8c7	data/fulfulde_run/audio/waxal_asr_0597772da80548f28f9622aedf47e8c7.wav	10.416	51.26	0.82	Adda wii mo yoo : ɓii daada am! ayyee ɓe ɗalani en ɓe ɗon ndema gawri nyaamen nii, a waran mo?	adda wii mo yoo ɓii daada am ayyee ɓe ɗalani en ɓe ɗon ndema gawri nyaamen nii a waran mo	20	unknown
waxal_asr_8f0f82e1615d4c57b44a25edc9e27da3	data/fulfulde_run/audio/waxal_asr_8f0f82e1615d4c57b44a25edc9e27da3.wav	2.34	53.17	0.63	malla ɓe acci?	malla ɓe acci	3	unknown
waxal_asr_6729743b9d1c4c69ad54f42f3bf36e84	data/fulfulde_run/audio/waxal_asr_6729743b9d1c4c69ad54f42f3bf36e84.wav	4.312	51.55	0.82	Kad doo o wi’a yoo : suka njaala mi njala mi;	kad doo o wi a yoo suka njaala mi njala mi	11	unknown
waxal_asr_f10de89a86374c13923660f512a60225	data/fulfulde_run/audio/waxal_asr_f10de89a86374c13923660f512a60225.wav	22.287	52.37	0.76	Ɓikkon kon, kon ɗiɗon, kon ummi kon ndilli teɓoygo tasɓaawo, kon njehi gootel majjiri gootel, ngel ɗoo boo heɓtaay laawol, nasti ladde non, yehi tawi ɓiira saare mbarooga, nasti jooɗi ;	ɓikkon kon kon ɗiɗon kon ummi kon ndilli teɓoygo tasɓaawo kon njehi gootel majjiri gootel ngel ɗoo boo heɓtaay laawol nasti ladde non yehi tawi ɓiira saare mbarooga nasti jooɗi	30	unknown
waxal_asr_ea808db555a34c95bc5c50befd22d2b0	data/fulfulde_run/audio/waxal_asr_ea808db555a34c95bc5c50befd22d2b0.wav	14.697	44.13	0.87	Jam, caycayɗo goo hooci jiire bee gaaraaji mum, hooci, hooci, hooci haa ɓaawo dilli, yehi caka cak maayo nii ta’i gaaraaji goo, acci jiire goo nder ndiyam.	jam caycayɗo goo hooci jiire bee gaaraaji mum hooci hooci hooci haa ɓaawo dilli yehi caka cak maayo nii ta i gaaraaji goo acci jiire goo nder ndiyam	28	unknown
waxal_asr_3b139dfb951c4424ab003dc4d2c362e9	data/fulfulde_run/audio/waxal_asr_3b139dfb951c4424ab003dc4d2c362e9.wav	4.6	35.19	0.94	Taalel taatel, kuɗel gombel, caka fellere maama jaɓoowo	taalel taatel kuɗel gombel caka fellere maama jaɓoowo	8	unknown
waxal_asr_7c91da6fa072479b85834bd90d9ee5c8	data/fulfulde_run/audio/waxal_asr_7c91da6fa072479b85834bd90d9ee5c8.wav	5.746	30.98	0.93	Jam, o ummi o fiɗɗi nyeerude o wari, o wii mo : noy mbeeteɗaa?	jam o ummi o fiɗɗi nyeerude o wari o wii mo noy mbeeteɗaa	13	unknown
waxal_asr_06c65460768d408c93b11d384186fdcf	data/fulfulde_run/audio/waxal_asr_06c65460768d408c93b11d384186fdcf.wav	11.34	47.03	0.76	rewɓe canjidiri, laamɗo hooci debbo kuturuujo, kuturuujo boo hooci debbo laamɗo. Jam, ɓe njooɗi kadi.	rewɓe canjidiri laamɗo hooci debbo kuturuujo kuturuujo boo hooci debbo laamɗo jam ɓe njooɗi kadi	15	unknown
waxal_asr_077c451bc2b44f1ea14055396595872c	data/fulfulde_run/audio/waxal_asr_077c451bc2b44f1ea14055396595872c.wav	13.132	45.7	0.81	Ɓiira maccuɓeeji ɗon mbaali sera, pucci hiji wii mo : a yii ɓe ɗoo ɓe mbii sinaa to ɓe kumpitake a debbo naa a gorko.	ɓiira maccuɓeeji ɗon mbaali sera pucci hiji wii mo a yii ɓe ɗoo ɓe mbii sinaa to ɓe kumpitake a debbo naa a gorko	24	unknown
waxal_asr_878cbbf12a4c4a07ace67cdcb3c3104f	data/fulfulde_run/audio/waxal_asr_878cbbf12a4c4a07ace67cdcb3c3104f.wav	3.417	50.04	0.69	Ɗum daaydini ɗum jooɗi.	ɗum daaydini ɗum jooɗi	4	unknown
waxal_asr_bcb7ed0196fa456a86721661ee40a1d1	data/fulfulde_run/audio/waxal_asr_bcb7ed0196fa456a86721661ee40a1d1.wav	2.348	50.12	0.85	Damseere ɓesni ngaron.	damseere ɓesni ngaron	3	unknown
waxal_asr_bb9ca0f107054ea18657dee79caf229f	data/fulfulde_run/audio/waxal_asr_bb9ca0f107054ea18657dee79caf229f.wav	3.423	55.71	0.75	gorko goo kam saalake.	gorko goo kam saalake	4	unknown
waxal_asr_e479f1c570434eb4a04babead4446bf3	data/fulfulde_run/audio/waxal_asr_e479f1c570434eb4a04babead4446bf3.wav	4.665	45.83	0.84	Suka goo boo kaŋum boo maayi, muti nder lesdi.	suka goo boo kaŋum boo maayi muti nder lesdi	9	unknown
waxal_asr_1ff34194b1604e3ab002c7887f993159	data/fulfulde_run/audio/waxal_asr_1ff34194b1604e3ab002c7887f993159.wav	5.47	44.02	0.86	Nden o tuurti o yehi o wari o wii debbo maako yoo : ndaa .	nden o tuurti o yehi o wari o wii debbo maako yoo ndaa	13	unknown
waxal_asr_8b63bea2b89a45d6888f86c28c790769	data/fulfulde_run/audio/waxal_asr_8b63bea2b89a45d6888f86c28c790769.wav	12.06	49.63	0.69	O wi’ata debbo yoo, bana gujjo goo, o wi’ata debbo yoo : hoocu, hooci waddoyi ko keɓynoomi goo naa;	o wi ata debbo yoo bana gujjo goo o wi ata debbo yoo hoocu hooci waddoyi ko keɓynoomi goo naa	20	unknown
waxal_asr_e244bd8695644c849b309c1bfc373c84	data/fulfulde_run/audio/waxal_asr_e244bd8695644c849b309c1bfc373c84.wav	12.137	42.71	0.86	Yowwaa! corɓoowo wii yoo : ɓanndu am pat ɗon nyaaanya, sonaa to mi heɓi leeɓol min kam mi wujake mi fuɗɗa hokkugo ma nyaande.	yowwaa corɓoowo wii yoo ɓanndu am pat ɗon nyaaanya sonaa to mi heɓi leeɓol min kam mi wujake mi fuɗɗa hokkugo ma nyaande	23	unknown
waxal_asr_18fde91335c4477982a888488f2de8c0	data/fulfulde_run/audio/waxal_asr_18fde91335c4477982a888488f2de8c0.wav	7.937	40.91	0.87	Jam, o ɓaditi saare, debbo Ibiraahim goo wi’ata : gora Ibiraahim laarataake;	jam o ɓaditi saare debbo ibiraahim goo wi ata gora ibiraahim laarataake	12	unknown
waxal_asr_7544a6a5cbc048389d3a59d1347b98cb	data/fulfulde_run/audio/waxal_asr_7544a6a5cbc048389d3a59d1347b98cb.wav	22.63	50.76	0.77	Jiire goo yehi nder nguɓe jooɗi, jooɗi warti : an boo yah bu’oy soobaajo fowru; naa min kam naa bu’e naawaay yam, o wii mo : yah, to a yehi a jooɗake haa gaɗa wumre ɗoo a otti a otti,	jiire goo yehi nder nguɓe jooɗi jooɗi warti an boo yah bu oy soobaajo fowru naa min kam naa bu e naawaay yam o wii mo yah to a yehi a jooɗake haa gaɗa wumre ɗoo a otti a otti	40	unknown
waxal_asr_4ab20e20b0234816aa3e9e5fc4b9ff6c	data/fulfulde_run/audio/waxal_asr_4ab20e20b0234816aa3e9e5fc4b9ff6c.wav	5.714	52.96	0.75	haa nde tati o wii : mi yaaɓataa lesdi bee kosɗe am.	haa nde tati o wii mi yaaɓataa lesdi bee kosɗe am	11	unknown
waxal_asr_c25a9659afb44fdea41df99c912da085	data/fulfulde_run/audio/waxal_asr_c25a9659afb44fdea41df99c912da085.wav	24.133	49.23	0.79	Derke sukaajo ɓaŋi debbo. O ɓaŋi derkeejo debbo, derkeejo debbo yiɗaa mo kanko boo o yiɗi derkeejo debbo. O yiɗi derkeejo debbo jooɗo, derkeejo yiɗaa mo fuu. To o nasti suudu nii wurto yaasi, to o wurtake kaŋum boo nasta suudu.	derke sukaajo ɓaŋi debbo o ɓaŋi derkeejo debbo derkeejo debbo yiɗaa mo kanko boo o yiɗi derkeejo debbo o yiɗi derkeejo debbo jooɗo derkeejo yiɗaa mo fuu to o nasti suudu nii wurto yaasi to o wurtake kaŋum boo nasta suudu	41	unknown
waxal_asr_f1dc542dc47c4b75b48337a56ad919b9	data/fulfulde_run/audio/waxal_asr_f1dc542dc47c4b75b48337a56ad919b9.wav	14.224	48.78	0.84	jaɓɓe goo rimi ɓikkoy goo haa dow ton goo, o itti ɓikkoy jaɓɓe goo o ɓolti o wudini ɓinngel, o hooci jey laalawal man ɗoo, ɗon juuti goo, o fuufi fiiit!	jaɓɓe goo rimi ɓikkoy goo haa dow ton goo o itti ɓikkoy jaɓɓe goo o ɓolti o wudini ɓinngel o hooci jey laalawal man ɗoo ɗon juuti goo o fuufi fiiit	31	unknown
waxal_asr_11e1c65cb7a54a19a951c92c5b9b6ad7	data/fulfulde_run/audio/waxal_asr_11e1c65cb7a54a19a951c92c5b9b6ad7.wav	3.437	36.12	0.9	O wi’ata yoo : mi layɓoy mi warti;	o wi ata yoo mi layɓoy mi warti	8	unknown
waxal_asr_5eee19a5beae48cdab80b4a57d296c51	data/fulfulde_run/audio/waxal_asr_5eee19a5beae48cdab80b4a57d296c51.wav	10.646	46.13	0.83	ɓiira laamɗo tappi bay bay, ɓiira wuro fuu mooɓti haa ɓe tasna mo, ɓiira pucci caaɓni ɓaawo maako.	ɓiira laamɗo tappi bay bay ɓiira wuro fuu mooɓti haa ɓe tasna mo ɓiira pucci caaɓni ɓaawo maako	18	unknown
waxal_asr_4dd3dff41bf847b5bc996ae58e829357	data/fulfulde_run/audio/waxal_asr_4dd3dff41bf847b5bc996ae58e829357.wav	11.52	43.44	0.78	Jemma waɗi, debbo goo, gorko ummi yehi gaɗa suudu, hoo’i hokki maccuɗo mum wurre, yehi waaldi bee debbo goo.	jemma waɗi debbo goo gorko ummi yehi gaɗa suudu hoo i hokki maccuɗo mum wurre yehi waaldi bee debbo goo	20	unknown
waxal_asr_9e918d91fd1f4646930c9b1f726d16f1	data/fulfulde_run/audio/waxal_asr_9e918d91fd1f4646930c9b1f726d16f1.wav	8.767	36.92	0.88	Kad doo ɗum faɓɓa, ɗum faɓɓa, ɗum faɓɓa, ɗum faɓɓa ɓe mbi’a mo : Hamma ta’i hoondu ma min ndaara naa?	kad doo ɗum faɓɓa ɗum faɓɓa ɗum faɓɓa ɗum faɓɓa ɓe mbi a mo hamma ta i hoondu ma min ndaara naa	22	unknown
waxal_asr_160d3d4430bd44ef96dd892d7ff5bdc6	data/fulfulde_run/audio/waxal_asr_160d3d4430bd44ef96dd892d7ff5bdc6.wav	4.777	45.1	0.78	O wii : a waddaay no donngal aranwal naa?	o wii a waddaay no donngal aranwal naa	8	unknown
waxal_asr_e0a80f5e1fdc4a58a1c10f7dd357dbbd	data/fulfulde_run/audio/waxal_asr_e0a80f5e1fdc4a58a1c10f7dd357dbbd.wav	3.495	44.47	0.69	Ɓe njaali karal goɗɗo ɓenndi;	ɓe njaali karal goɗɗo ɓenndi	5	unknown
waxal_asr_5269cebfddde492e91b45f2851e23dc3	data/fulfulde_run/audio/waxal_asr_5269cebfddde492e91b45f2851e23dc3.wav	9.625	53.61	0.78	No baaba weete maa paɗe lare, no daada maa weete boo mooraaɗi paɗelji;	no baaba weete maa paɗe lare no daada maa weete boo mooraaɗi paɗelji	13	unknown
waxal_asr_f44f1c840e7742818106a86cf60c6e10	data/fulfulde_run/audio/waxal_asr_f44f1c840e7742818106a86cf60c6e10.wav	14.632	46.03	0.84	Jam, mo dilli, janngo boo weeti fajira, yaadikko maako hooci nyorowɗe hokki mo, mo roondi, mo tokki laawol mo faandi dunndeehi goo non, mo wi’ata :	jam mo dilli janngo boo weeti fajira yaadikko maako hooci nyorowɗe hokki mo mo roondi mo tokki laawol mo faandi dunndeehi goo non mo wi ata	26	unknown
waxal_asr_97a9d05934e148a085fdc0b9922cccb5	data/fulfulde_run/audio/waxal_asr_97a9d05934e148a085fdc0b9922cccb5.wav	8.88	49.42	0.71	Yowwaa! Ɓinngel goo, baaba mum wi’ata : noy ngiɗɗa mi waɗane yaadikko ma oo?	yowwaa ɓinngel goo baaba mum wi ata noy ngiɗɗa mi waɗane yaadikko ma oo	14	unknown
waxal_asr_05450ad5ae074adb8b083c619a9f702d	data/fulfulde_run/audio/waxal_asr_05450ad5ae074adb8b083c619a9f702d.wav	4.888	46.18	0.77	haɓɓi e Mbuuulu goo haa waddi haa wicco,	haɓɓi e mbuuulu goo haa waddi haa wicco	8	unknown
waxal_asr_a558f8d426954298829d9422a86e4d60	data/fulfulde_run/audio/waxal_asr_a558f8d426954298829d9422a86e4d60.wav	2.799	36.6	0.86	jeeɗa ngam kaa kam taa woy.	jeeɗa ngam kaa kam taa woy	6	unknown
waxal_asr_e3537a1657ea49e0bf1a93293b32fb72	data/fulfulde_run/audio/waxal_asr_e3537a1657ea49e0bf1a93293b32fb72.wav	6.66	48.54	0.74	Suy laamɗo goo yehi gaɗa suudu : ɗoo yenaande ɓinngel am naa?	suy laamɗo goo yehi gaɗa suudu ɗoo yenaande ɓinngel am naa	11	unknown
waxal_asr_0a53847520ec4ec486ff2fd6d210892f	data/fulfulde_run/audio/waxal_asr_0a53847520ec4ec486ff2fd6d210892f.wav	9.825	47.89	0.85	Yoo kadi ammaa wii goo yoo beembal kam sey mudaŋ’en mari beembal bee doreejo boo naa mahan.	yoo kadi ammaa wii goo yoo beembal kam sey mudaŋ en mari beembal bee doreejo boo naa mahan	18	unknown
waxal_asr_1533eb4b34a8433a89d4b93a7c5ac921	data/fulfulde_run/audio/waxal_asr_1533eb4b34a8433a89d4b93a7c5ac921.wav	14.546	53.58	0.77	Colel tokki mo, ɗum warti, o wii : daada am bee baaba am ndaa colel ngel yiɗi ko nyaama : colel war e dubbe unordu ɗoo a haaran.	colel tokki mo ɗum warti o wii daada am bee baaba am ndaa colel ngel yiɗi ko nyaama colel war e dubbe unordu ɗoo a haaran	26	unknown
waxal_asr_ae306fd07de34624828e322f2990d38d	data/fulfulde_run/audio/waxal_asr_ae306fd07de34624828e322f2990d38d.wav	2.675	32.25	0.91	naa a wudini marabbaare ma;	naa a wudini marabbaare ma	5	unknown
waxal_asr_d44b556ab0894217b7d9510b48888e7e	data/fulfulde_run/audio/waxal_asr_d44b556ab0894217b7d9510b48888e7e.wav	4.622	54.82	0.73	Miin kam mi yiɗaa ma, ngam dala maaɗaa wooɗaa;	miin kam mi yiɗaa ma ngam dala maaɗaa wooɗaa	9	unknown
waxal_asr_0bb13f43ed8f4e50b0bb6a1c2affac72	data/fulfulde_run/audio/waxal_asr_0bb13f43ed8f4e50b0bb6a1c2affac72.wav	4.909	32.66	0.91	Asee yaadikko goo bee mistiraaku, laamɗo goo anndaa.	asee yaadikko goo bee mistiraaku laamɗo goo anndaa	8	unknown
waxal_asr_8ceb12c83c874059bc2ea8ff193b441b	data/fulfulde_run/audio/waxal_asr_8ceb12c83c874059bc2ea8ff193b441b.wav	7.717	40.2	0.87	Mi mooroyoto haa mututu gojoowa, yaadikko am wii mi mooroyo haa mututu gojoowa,	mi mooroyoto haa mututu gojoowa yaadikko am wii mi mooroyo haa mututu gojoowa	13	unknown
waxal_asr_4a58c56b9ae94c1b8915671f4ef4c1dd	data/fulfulde_run/audio/waxal_asr_4a58c56b9ae94c1b8915671f4ef4c1dd.wav	4.965	49.55	0.8	O jo’’ini, o wii : to mi roondi ma ko ndokkataami;	o jo ini o wii to mi roondi ma ko ndokkataami	11	unknown
waxal_asr_c6c0342447944ee1a6415b6a0c9f1a6b	data/fulfulde_run/audio/waxal_asr_c6c0342447944ee1a6415b6a0c9f1a6b.wav	2.4	60.43	0.76	Suka njaala mi njala mi;	suka njaala mi njala mi	5	unknown
waxal_asr_bf15b12899cd4152bdf8dce26ff3ceae	data/fulfulde_run/audio/waxal_asr_bf15b12899cd4152bdf8dce26ff3ceae.wav	6.203	42.34	0.82	o wii : mi waddaay, miin kam doŋle am ɗiɗi ngaddumi haa maaɗa;	o wii mi waddaay miin kam doŋle am ɗiɗi ngaddumi haa maaɗa	12	unknown
waxal_asr_b5ccd39fbbdd404e8388946b686f15f7	data/fulfulde_run/audio/waxal_asr_b5ccd39fbbdd404e8388946b686f15f7.wav	8.273	44.37	0.88	Teɓam, teɓam, to a teɓi yam nyaama mi, jam o teɓi o nyaami pat ko gootel, o luttaay,	teɓam teɓam to a teɓi yam nyaama mi jam o teɓi o nyaami pat ko gootel o luttaay	18	unknown
waxal_asr_4e52bacbcd8641bfa7a1856ed84aaa78	data/fulfulde_run/audio/waxal_asr_4e52bacbcd8641bfa7a1856ed84aaa78.wav	3.557	52.35	0.8	goram Ibiraahim ngarmi laargo;	goram ibiraahim ngarmi laargo	4	unknown
waxal_asr_fe445a020d9e4d6eaa646becc2bcbbce	data/fulfulde_run/audio/waxal_asr_fe445a020d9e4d6eaa646becc2bcbbce.wav	4.972	34.94	0.94	Lesdi goo wari haa koppi, o wi’a : suka njaala mi njala mi;	lesdi goo wari haa koppi o wi a suka njaala mi njala mi	13	unknown
waxal_asr_25ff547520e24700a4b7cc7a6256e7b8	data/fulfulde_run/audio/waxal_asr_25ff547520e24700a4b7cc7a6256e7b8.wav	2.192	24.26	0.9	ayyee no daande ma weldi?	ayyee no daande ma weldi	5	unknown
waxal_asr_ad2ac647a7dc40719fcc7e24c2dd0d6c	data/fulfulde_run/audio/waxal_asr_ad2ac647a7dc40719fcc7e24c2dd0d6c.wav	2.477	37.05	0.85	Luyuu luyuu luyuu	luyuu luyuu luyuu	3	unknown
waxal_asr_6fd15955613a411393bc0c0b1676b0da	data/fulfulde_run/audio/waxal_asr_6fd15955613a411393bc0c0b1676b0da.wav	4.86	48.83	0.78	Jam kalas ɓe njooɗi, nii o waɗi adda maako.	jam kalas ɓe njooɗi nii o waɗi adda maako	9	unknown
waxal_asr_a42c2eb1e178491899242756efc2b2ba	data/fulfulde_run/audio/waxal_asr_a42c2eb1e178491899242756efc2b2ba.wav	3.36	47.81	0.68	Gertogal ɓaŋi fetere nyiiri.	gertogal ɓaŋi fetere nyiiri	4	unknown
waxal_asr_a758dd61bd164d87a3e2ce239f8a526f	data/fulfulde_run/audio/waxal_asr_a758dd61bd164d87a3e2ce239f8a526f.wav	7.19	34.02	0.92	ammaa fulɓe anndaa kuungal man, anndi ɓoyma kam fuu beembal non, ɓe acci ɓe ngiɗaa.	ammaa fulɓe anndaa kuungal man anndi ɓoyma kam fuu beembal non ɓe acci ɓe ngiɗaa	15	unknown
waxal_asr_086221f9ed5a4747b7fbe62777de5639	data/fulfulde_run/audio/waxal_asr_086221f9ed5a4747b7fbe62777de5639.wav	8.46	54.57	0.76	Puldebbo goo ƴummi ɗon woya, ɗon woya, o wi’ata puldebbo : an e toy ngonɗaa ɓe nanngi ma?	puldebbo goo ƴummi ɗon woya ɗon woya o wi ata puldebbo an e toy ngonɗaa ɓe nanngi ma	18	unknown
waxal_asr_c7fb950a57834cc397b5e120220e0318	data/fulfulde_run/audio/waxal_asr_c7fb950a57834cc397b5e120220e0318.wav	16.88	50.8	0.79	Caycayɗo sanya waɗa gaaraaji mum dilla luumo, jiire yaha itta, itta pat. Caycayɗo sanya, sanya, sanya waɗa gaaraaji, jiire dilla luumo, jiire yaha itta fuu.	caycayɗo sanya waɗa gaaraaji mum dilla luumo jiire yaha itta itta pat caycayɗo sanya sanya sanya waɗa gaaraaji jiire dilla luumo jiire yaha itta fuu	25	unknown
waxal_asr_93444f7b459b44cd81f6afc825be27bd	data/fulfulde_run/audio/waxal_asr_93444f7b459b44cd81f6afc825be27bd.wav	8.226	40.93	0.87	O wurti non, o tawi ɗum ɓinngel, o wi’ata yoo : ɓinngel am, yimani yam naa, yimani yam naa?	o wurti non o tawi ɗum ɓinngel o wi ata yoo ɓinngel am yimani yam naa yimani yam naa	19	unknown
waxal_asr_053b9af5d58b4a7f8bb1f713b31940fd	data/fulfulde_run/audio/waxal_asr_053b9af5d58b4a7f8bb1f713b31940fd.wav	4.812	30.75	0.93	Baaba am nanani yam ko colel ladde wi’a tammi naa?	baaba am nanani yam ko colel ladde wi a tammi naa	11	unknown
waxal_asr_93cbc57c5b274c6f899efcee3f5b37ec	data/fulfulde_run/audio/waxal_asr_93cbc57c5b274c6f899efcee3f5b37ec.wav	2.898	41.53	0.88	Dugusaare maayi, ngaron, ngaron;	dugusaare maayi ngaron ngaron	4	unknown
waxal_asr_a58985f453ce410bbc1dbfaedaa9abe6	data/fulfulde_run/audio/waxal_asr_a58985f453ce410bbc1dbfaedaa9abe6.wav	3.509	35.01	0.95	Yoo huunyaare an ko puutanɗaa?	yoo huunyaare an ko puutanɗaa	5	unknown
waxal_asr_cb4442df6b1a4a0eb2003b81f8a23ae3	data/fulfulde_run/audio/waxal_asr_cb4442df6b1a4a0eb2003b81f8a23ae3.wav	14.692	45.81	0.83	Jam, mo yehi mo layɓoyi, yaadikko goo yii ka, nani ko dundeehi kii wii mo, jam ɓe tokkootiri ɗon yaha naalugo mo haa ɓe kuuci saare,	jam mo yehi mo layɓoyi yaadikko goo yii ka nani ko dundeehi kii wii mo jam ɓe tokkootiri ɗon yaha naalugo mo haa ɓe kuuci saare	26	unknown
waxal_asr_eb6645b2e6e04f868072de6e7f570205	data/fulfulde_run/audio/waxal_asr_eb6645b2e6e04f868072de6e7f570205.wav	2.64	52.57	0.69	luggere fuɗa ɓoore;	luggere fuɗa ɓoore	3	unknown
waxal_asr_ced7b48f02f24d23a1572697582bf50c	data/fulfulde_run/audio/waxal_asr_ced7b48f02f24d23a1572697582bf50c.wav	7.752	36.81	0.88	Laamɗo gooto goo, wari haa jaɓa nyamaande e maako, o wii yoo : mi jaɓa nyamaande ndee,	laamɗo gooto goo wari haa jaɓa nyamaande e maako o wii yoo mi jaɓa nyamaande ndee	16	unknown
waxal_asr_f9be039290134f45a77993f20a4b22a6	data/fulfulde_run/audio/waxal_asr_f9be039290134f45a77993f20a4b22a6.wav	9.24	48.12	0.71	ayyee ngam ɓinngel am yehi heɓtonoyi yam jawdi am e maaɗa nii, mbi’a a ɓaŋan ngel?	ayyee ngam ɓinngel am yehi heɓtonoyi yam jawdi am e maaɗa nii mbi a a ɓaŋan ngel	17	unknown
waxal_asr_e93ba3328244405b80263315f8be59ca	data/fulfulde_run/audio/waxal_asr_e93ba3328244405b80263315f8be59ca.wav	8.144	51.66	0.79	Foondu warti tawaay geeraaɗe muuɗum, tasni kon : ɓikkon am onon koo’i yam geeraaɗe naa ?	foondu warti tawaay geeraaɗe muuɗum tasni kon ɓikkon am onon koo i yam geeraaɗe naa	15	unknown
waxal_asr_58d7123c16154da6b3a6adc46844e7fe	data/fulfulde_run/audio/waxal_asr_58d7123c16154da6b3a6adc46844e7fe.wav	16.128	53.59	0.78	O ɗon yaha, o ɗon yaha, o yehi o tawi ɓiira suudu baaba ladde, ɓinngel muuɗum ɗon huuwa, reeta innu, reeta waylooru, reeta noy noy noy, ko’e ɗiɗi,	o ɗon yaha o ɗon yaha o yehi o tawi ɓiira suudu baaba ladde ɓinngel muuɗum ɗon huuwa reeta innu reeta waylooru reeta noy noy noy ko e ɗiɗi	29	unknown
waxal_asr_16f4fc7f3a88406d9e8cb8674c67d2fa	data/fulfulde_run/audio/waxal_asr_16f4fc7f3a88406d9e8cb8674c67d2fa.wav	5.356	37.58	0.89	Daada Dugusaare maa, laamiɗo nelamno guma;	daada dugusaare maa laamiɗo nelamno guma	6	unknown
waxal_asr_e4a2cbeb4886465080e3bc8912a60c94	data/fulfulde_run/audio/waxal_asr_e4a2cbeb4886465080e3bc8912a60c94.wav	5.14	47.75	0.82	jam gooto maɓɓe yehi haa silla haa jiddere maɓɓe goo nii,	jam gooto maɓɓe yehi haa silla haa jiddere maɓɓe goo nii	11	unknown
waxal_asr_76c3fc9a8571407e8fb696a1721c59ce	data/fulfulde_run/audio/waxal_asr_76c3fc9a8571407e8fb696a1721c59ce.wav	8.853	39.66	0.88	Adda goo ta’i yeesre ɓirgo enɗi man ɗoo, yehi ɓiloyi haa lekki haa ladde suuɗi.	adda goo ta i yeesre ɓirgo enɗi man ɗoo yehi ɓiloyi haa lekki haa ladde suuɗi	16	unknown
waxal_asr_d86160a2e06442a48c3d826b122a65b4	data/fulfulde_run/audio/waxal_asr_d86160a2e06442a48c3d826b122a65b4.wav	10.44	50.45	0.66	O wii : ha! Yeenam hunnde haa mi heɓa no mi waɗane mo, miin kam mi halkante mo.	o wii ha yeenam hunnde haa mi heɓa no mi waɗane mo miin kam mi halkante mo	17	unknown
waxal_asr_945e7e97be544249a20742a5e4a92c92	data/fulfulde_run/audio/waxal_asr_945e7e97be544249a20742a5e4a92c92.wav	3.3	48.32	0.8	ɓe kooci ɗum ɓe ndefi ɓe nyaami.	ɓe kooci ɗum ɓe ndefi ɓe nyaami	7	unknown
waxal_asr_8edd91b5e20643a5a75e9e861852056b	data/fulfulde_run/audio/waxal_asr_8edd91b5e20643a5a75e9e861852056b.wav	13.699	50.52	0.82	o wii yoo : miin kam no ngiɗmi ngaɗanaa mi kam, yaadikko am ɗoo tan, ngurtinaa ɗum saare, koocanaa mi daada am ngartiraa ;	o wii yoo miin kam no ngiɗmi ngaɗanaa mi kam yaadikko am ɗoo tan ngurtinaa ɗum saare koocanaa mi daada am ngartiraa	22	unknown
waxal_asr_c75eb1af072247bdb20bf03a3675a458	data/fulfulde_run/audio/waxal_asr_c75eb1af072247bdb20bf03a3675a458.wav	16.264	51.52	0.77	laamɗo hooci pucci ɓe mba’’ino goo, hoo’a puccu ngu yowa dow ngu, yowa dow ngu, yowa dow ngu haa yaari haa lisal lekki ɓe ngoni o tali.	laamɗo hooci pucci ɓe mba ino goo hoo a puccu ngu yowa dow ngu yowa dow ngu yowa dow ngu haa yaari haa lisal lekki ɓe ngoni o tali	29	unknown
waxal_asr_2a95d407e2d04d999725e318ad616c94	data/fulfulde_run/audio/waxal_asr_2a95d407e2d04d999725e318ad616c94.wav	3.629	42.69	0.88	Mi hokki ma ndawrawa am ngoota.	mi hokki ma ndawrawa am ngoota	6	unknown
waxal_asr_3175db69ac7a4542b0a5c16a38e7fb70	data/fulfulde_run/audio/waxal_asr_3175db69ac7a4542b0a5c16a38e7fb70.wav	4.312	37.27	0.9	suka njaalta mi njala mi, o wii : rewre mi jali ma;	suka njaalta mi njala mi o wii rewre mi jali ma	11	unknown
waxal_asr_8d01127dcce740f6bf79bda18f01ac42	data/fulfulde_run/audio/waxal_asr_8d01127dcce740f6bf79bda18f01ac42.wav	6.717	47.78	0.77	ɓiira mo haddi limce rewɓeeje mo haɓɓiti, mo jooɗi	ɓiira mo haddi limce rewɓeeje mo haɓɓiti mo jooɗi	9	unknown
waxal_asr_ae577f93d3464b40a899e2c0bfd3c14f	data/fulfulde_run/audio/waxal_asr_ae577f93d3464b40a899e2c0bfd3c14f.wav	2.76	57.64	0.61	Ɗi mbii : a’aa;	ɗi mbii a aa	4	unknown
waxal_asr_bd948dbc8b494629bba09e1972d82449	data/fulfulde_run/audio/waxal_asr_bd948dbc8b494629bba09e1972d82449.wav	9.568	47.23	0.84	O ewni ɗum : Daari-Bano! Daari-Bano! O wari o wii yoo : war laar ndiyam tawmi hannde haa ladde.	o ewni ɗum daari-bano daari-bano o wari o wii yoo war laar ndiyam tawmi hannde haa ladde	17	unknown
waxal_asr_cabb72e8ca3e443891054f5c8d48187c	data/fulfulde_run/audio/waxal_asr_cabb72e8ca3e443891054f5c8d48187c.wav	2.195	52.67	0.59	Malli naa non?	malli naa non	3	unknown
waxal_asr_c68809b60543492a82ef9a0aaa627b07	data/fulfulde_run/audio/waxal_asr_c68809b60543492a82ef9a0aaa627b07.wav	17.325	45.56	0.86	Suy, jawmu baali wii : naa mbaala sonaa to heɓi geene nyaami, heɓi ɓoore. Ndaa ndi beelaadi, nga siwaa daygo sey to nga nyaami nga haari, nga danyan njawdiri noonaandi.	suy jawmu baali wii naa mbaala sonaa to heɓi geene nyaami heɓi ɓoore ndaa ndi beelaadi nga siwaa daygo sey to nga nyaami nga haari nga danyan njawdiri noonaandi	29	unknown
waxal_asr_eabaadb745d64c91a7bdf3914e0cd2b7	data/fulfulde_run/audio/waxal_asr_eabaadb745d64c91a7bdf3914e0cd2b7.wav	3.014	31.37	0.94	A nyaamaay fuu ƴama Damseere naa?	a nyaamaay fuu ƴama damseere naa	6	unknown
waxal_asr_8d10d6787bab4bc1a438166867f47041	data/fulfulde_run/audio/waxal_asr_8d10d6787bab4bc1a438166867f47041.wav	8.038	37.78	0.9	Janngo to mi neli ma, a yehi a layɓoy haa pelel layɓuɗaa ɗoo, to a warti mi accataa ma;	janngo to mi neli ma a yehi a layɓoy haa pelel layɓuɗaa ɗoo to a warti mi accataa ma	19	unknown
waxal_asr_6895b60b02e8473c8b4fc04bd7123020	data/fulfulde_run/audio/waxal_asr_6895b60b02e8473c8b4fc04bd7123020.wav	4.328	43.96	0.88	jam ɓinngel yaali puldebbo : ɓinngel to njaata?	jam ɓinngel yaali puldebbo ɓinngel to njaata	7	unknown
waxal_asr_b0ce8f2bdfc94b6aa01a29019a45b775	data/fulfulde_run/audio/waxal_asr_b0ce8f2bdfc94b6aa01a29019a45b775.wav	8.937	38.31	0.87	Mi anndaa wuro amin, jotta ɗoo non nii, ɓe muukimmi ɓe ngartiri haa ɗoo, haa ɓe nyaama.	mi anndaa wuro amin jotta ɗoo non nii ɓe muukimmi ɓe ngartiri haa ɗoo haa ɓe nyaama	17	unknown
waxal_asr_61786b0b89e54c89b40c2d36642a18d5	data/fulfulde_run/audio/waxal_asr_61786b0b89e54c89b40c2d36642a18d5.wav	6.834	44.01	0.87	Nden ɓe ngadda gawri ɓe ɓasa dubbuɗe, ɓe ngadda gawri ɓe loowa, a nani?	nden ɓe ngadda gawri ɓe ɓasa dubbuɗe ɓe ngadda gawri ɓe loowa a nani	14	unknown
waxal_asr_394ba7b62710443babb6da38274eaf79	data/fulfulde_run/audio/waxal_asr_394ba7b62710443babb6da38274eaf79.wav	6.975	51.94	0.78	hey noorwa, loornu jiire ɗoo waddu, jiire nyaamdi en geeraaɗe pat!	hey noorwa loornu jiire ɗoo waddu jiire nyaamdi en geeraaɗe pat	11	unknown
waxal_asr_2284cf88511244ba8158e466624ffb4b	data/fulfulde_run/audio/waxal_asr_2284cf88511244ba8158e466624ffb4b.wav	10.703	53.75	0.77	Yoo, baaɗi goo ngari tawi yam, ngurtini yam, mbii mi aynana ɗi ɓunndu, yoo bee ibbe;	yoo baaɗi goo ngari tawi yam ngurtini yam mbii mi aynana ɗi ɓunndu yoo bee ibbe	16	unknown
waxal_asr_6199bc902b11423f8966bdb053d69d1b	data/fulfulde_run/audio/waxal_asr_6199bc902b11423f8966bdb053d69d1b.wav	2.46	16.71	0.98	mo nyiindere sirri ngarmi laargo;	mo nyiindere sirri ngarmi laargo	5	unknown
waxal_asr_1b668f31811a4389a3fb7c1ab6b0973b	data/fulfulde_run/audio/waxal_asr_1b668f31811a4389a3fb7c1ab6b0973b.wav	2.834	39.8	0.85	ɓe ɗaɓɓiti ɓe tawaay puldebbo goo.	ɓe ɗaɓɓiti ɓe tawaay puldebbo goo	6	unknown
waxal_asr_025de2131f3a4255853852c8b2c7a76a	data/fulfulde_run/audio/waxal_asr_025de2131f3a4255853852c8b2c7a76a.wav	9.406	53.95	0.8	a semtii mi haaraay. Njaare mo beembal nyebbe, o moɗi o wurti. Bilaali ngamngam; Bilaali ngamngam;	a semtii mi haaraay njaare mo beembal nyebbe o moɗi o wurti bilaali ngamngam bilaali ngamngam	16	unknown
waxal_asr_80efa04f7dac444eafec6b42d8c11b70	data/fulfulde_run/audio/waxal_asr_80efa04f7dac444eafec6b42d8c11b70.wav	4.668	32.1	0.9	O wii : miin kam baaba am walaa ko giɗmi ngaɗa mo nii,	o wii miin kam baaba am walaa ko giɗmi ngaɗa mo nii	12	unknown
waxal_asr_a0e1d6e69f2a49d6833273e359449102	data/fulfulde_run/audio/waxal_asr_a0e1d6e69f2a49d6833273e359449102.wav	3.892	52.49	0.8	adda hokki mo o ƴakki nde, o yari kosam.	adda hokki mo o ƴakki nde o yari kosam	9	unknown
waxal_asr_c0bde5da1fc047abae1209e03be38266	data/fulfulde_run/audio/waxal_asr_c0bde5da1fc047abae1209e03be38266.wav	3.351	44.32	0.82	Ɓe mari gertooɗe haa ɓuri semmbe.	ɓe mari gertooɗe haa ɓuri semmbe	6	unknown
waxal_asr_99a0ba2bac9e46e4882a8616e05859f6	data/fulfulde_run/audio/waxal_asr_99a0ba2bac9e46e4882a8616e05859f6.wav	3.361	31.68	0.91	an a yiiwaaki fuu nii ƴama ɓiya?	an a yiiwaaki fuu nii ƴama ɓiya	7	unknown
waxal_asr_c4f2edba7cbf44a8a222819694cd6d5f	data/fulfulde_run/audio/waxal_asr_c4f2edba7cbf44a8a222819694cd6d5f.wav	5.1	47.01	0.78	mi yahrana cubboowo; subbanammi jaarel;	mi yahrana cubboowo subbanammi jaarel	5	unknown
waxal_asr_41efec6f1ad94bc199ab96c0c36aa3e5	data/fulfulde_run/audio/waxal_asr_41efec6f1ad94bc199ab96c0c36aa3e5.wav	14.332	47.73	0.84	adda ta’oyi suuɗi, fajira to weeti, o anndaa fuu adda yowa tummugel bee ndiyam nii, lalla yeesre goo waɗa kosam waddana mo o yara, o yara, o yara.	adda ta oyi suuɗi fajira to weeti o anndaa fuu adda yowa tummugel bee ndiyam nii lalla yeesre goo waɗa kosam waddana mo o yara o yara o yara	29	unknown
waxal_asr_4b45cb7e2841492ba63d744d3a8f1abf	data/fulfulde_run/audio/waxal_asr_4b45cb7e2841492ba63d744d3a8f1abf.wav	11.32	44.53	0.85	O mooɓti colli pat : to mi neli ma no mbi’ata : cii cii damseere maayi, nduye fuu wi’a : cii cii damseere maayi.	o mooɓti colli pat to mi neli ma no mbi ata cii cii damseere maayi nduye fuu wi a cii cii damseere maayi	23	unknown
waxal_asr_7c6aa3d3e38d4176baf9fd7661649170	data/fulfulde_run/audio/waxal_asr_7c6aa3d3e38d4176baf9fd7661649170.wav	22.747	46.89	0.84	Suy o hooci o waati haa booro maako goo, booro maako boo jakan ɗon bee wurde. Debbo maako ummake ɗon dilla, kanko boo o wakkake booro maako bee jawngal gootal nder ton goo, o ɗon yaawa haa o huuca o wula o ƴakka kadi,	suy o hooci o waati haa booro maako goo booro maako boo jakan ɗon bee wurde debbo maako ummake ɗon dilla kanko boo o wakkake booro maako bee jawngal gootal nder ton goo o ɗon yaawa haa o huuca o wula o ƴakka kadi	44	unknown
waxal_asr_5da868cc5d924b099fccf2294f87529d	data/fulfulde_run/audio/waxal_asr_5da868cc5d924b099fccf2294f87529d.wav	5.1	43.21	0.85	Laamɗo oo bee laamɗo banndiiko, ɓe soobiraaɓe.	laamɗo oo bee laamɗo banndiiko ɓe soobiraaɓe	7	unknown
waxal_asr_d91277d98d5743ce87ce0e49b5bf50ff	data/fulfulde_run/audio/waxal_asr_d91277d98d5743ce87ce0e49b5bf50ff.wav	3.36	49.46	0.71	O siwti : to Damseere am?	o siwti to damseere am	5	unknown
waxal_asr_9b4762a1191e4875a87bec6e9cb88034	data/fulfulde_run/audio/waxal_asr_9b4762a1191e4875a87bec6e9cb88034.wav	5.078	33.56	0.91	Tokki, tokki haa caycayɗo wari tawi jiire ɗon wonna gaaraaji mum :	tokki tokki haa caycayɗo wari tawi jiire ɗon wonna gaaraaji mum	11	unknown
waxal_asr_4a15f7940de34320b72894be646c62f7	data/fulfulde_run/audio/waxal_asr_4a15f7940de34320b72894be646c62f7.wav	10.454	48.8	0.81	daada goo wurti eewi Hamman goo dilli gal ton, o ɗon ewno Hamman goo o wi’ata : Hamman fooɗ Mbuulu;	daada goo wurti eewi hamman goo dilli gal ton o ɗon ewno hamman goo o wi ata hamman fooɗ mbuulu	20	unknown
waxal_asr_df9c236f3439431ca4f1ff8d3345ec88	data/fulfulde_run/audio/waxal_asr_df9c236f3439431ca4f1ff8d3345ec88.wav	5.378	46.95	0.81	wayyoo ɓinngel am warti, ooho mi warti baaba am ;	wayyoo ɓinngel am warti ooho mi warti baaba am	9	unknown
waxal_asr_48ed822ed4514283b11cd8be4efdc8f3	data/fulfulde_run/audio/waxal_asr_48ed822ed4514283b11cd8be4efdc8f3.wav	11.787	45.62	0.88	Hmm, oh ɗon jooɗi, ammaa woyla kam ngaska wooda, beembal koo gawri a heɓi baakin, yimɓe ngaɗata naa malla?	hmm oh ɗon jooɗi ammaa woyla kam ngaska wooda beembal koo gawri a heɓi baakin yimɓe ngaɗata naa malla	19	unknown
waxal_asr_d243717baf5d4142be3d8265bc7e1bc7	data/fulfulde_run/audio/waxal_asr_d243717baf5d4142be3d8265bc7e1bc7.wav	4.239	37.97	0.88	gite am ɗee, ɗe nannduɗe bee ɗe baaɗi naa?	gite am ɗee ɗe nannduɗe bee ɗe baaɗi naa	9	unknown
waxal_asr_4834880204b646a8b650dd4d86d44118	data/fulfulde_run/audio/waxal_asr_4834880204b646a8b650dd4d86d44118.wav	7.914	49.81	0.81	Yoo, ɗum pat ɗum ɗoofodi ɗum ɗali hamma ɗon jooɗi nder naange raayatan.	yoo ɗum pat ɗum ɗoofodi ɗum ɗali hamma ɗon jooɗi nder naange raayatan	13	unknown
waxal_asr_28bb307545e946b08290f1c01cf17bcb	data/fulfulde_run/audio/waxal_asr_28bb307545e946b08290f1c01cf17bcb.wav	7.907	37.62	0.87	ɓiira ɓe kaɓɓi, ɓe ngaɗi kuujeeji, walaa ko walaa, kadi boo ɓe ɗon ɓaŋa mo ɓe njaha goo,	ɓiira ɓe kaɓɓi ɓe ngaɗi kuujeeji walaa ko walaa kadi boo ɓe ɗon ɓaŋa mo ɓe njaha goo	18	unknown
waxal_asr_b0c5e9ea21804dc4a34afbe89fde72a9	data/fulfulde_run/audio/waxal_asr_b0c5e9ea21804dc4a34afbe89fde72a9.wav	2.673	46.77	0.81	Dundeeje, dundeeje,	dundeeje dundeeje	2	unknown
waxal_asr_ad58290419e34e7995c5c0fcb50d2775	data/fulfulde_run/audio/waxal_asr_ad58290419e34e7995c5c0fcb50d2775.wav	5.157	42.7	0.8	Debbo oo o danyaay kanko, rewɓe ɗiɗo boo danyi.	debbo oo o danyaay kanko rewɓe ɗiɗo boo danyi	9	unknown
waxal_asr_cd86d24af4004751963905c4f0804b58	data/fulfulde_run/audio/waxal_asr_cd86d24af4004751963905c4f0804b58.wav	5.661	40.52	0.88	jam, o dari nii, o wi’ata mo yoo : suka njaala mi njala mi;	jam o dari nii o wi ata mo yoo suka njaala mi njala mi	14	unknown
waxal_asr_8ff30dd41d11430595135a3a98964006	data/fulfulde_run/audio/waxal_asr_8ff30dd41d11430595135a3a98964006.wav	7.6	42.14	0.89	jiire war aynan min geeraaɗe amin ɗoo haa min njaha min remoya, min ngarta.	jiire war aynan min geeraaɗe amin ɗoo haa min njaha min remoya min ngarta	14	unknown
waxal_asr_ba8c21196a084deba1cd4427cd275987	data/fulfulde_run/audio/waxal_asr_ba8c21196a084deba1cd4427cd275987.wav	3.854	55.75	0.65	To o jippake mi nyaama mo, ɗi tahi.	to o jippake mi nyaama mo ɗi tahi	8	unknown
waxal_asr_473ba13f65404a83b9d7b7434a154c5b	data/fulfulde_run/audio/waxal_asr_473ba13f65404a83b9d7b7434a154c5b.wav	4.08	48.26	0.79	ɓe ngi’i mboodi ɗon waali dow kosɗe maako.	ɓe ngi i mboodi ɗon waali dow kosɗe maako	9	unknown
waxal_asr_f0937f6e9f0a49edbd458ab68d4d349e	data/fulfulde_run/audio/waxal_asr_f0937f6e9f0a49edbd458ab68d4d349e.wav	4.86	25.04	0.94	Kad doo oo boo wari haa nyeɗa, o wii : naa miin weete Daari-Bano;	kad doo oo boo wari haa nyeɗa o wii naa miin weete daari-bano	13	unknown
waxal_asr_1d372648e77e46b0a63f9855c7307bfa	data/fulfulde_run/audio/waxal_asr_1d372648e77e46b0a63f9855c7307bfa.wav	3.692	31.46	0.93	Ndaa ngol regata haa too, ndaa mi haa ɗoo.	ndaa ngol regata haa too ndaa mi haa ɗoo	9	unknown
waxal_asr_2ead4524fb7942669090fc32381025a0	data/fulfulde_run/audio/waxal_asr_2ead4524fb7942669090fc32381025a0.wav	2.256	43.71	0.79	Ɗi ndirsi dow maako :	ɗi ndirsi dow maako	4	unknown
waxal_asr_80fbff019ea5429586f9840ff027efc6	data/fulfulde_run/audio/waxal_asr_80fbff019ea5429586f9840ff027efc6.wav	9.681	49.91	0.72	Ɓe ɗon ngara, ɓe ɗon ngara nii haa ɓe paandi kumareewal goo waɗi : daada Damseere kuma;	ɓe ɗon ngara ɓe ɗon ngara nii haa ɓe paandi kumareewal goo waɗi daada damseere kuma	16	unknown
waxal_asr_74f56444e06143c69b7a985d038a2000	data/fulfulde_run/audio/waxal_asr_74f56444e06143c69b7a985d038a2000.wav	3.781	43.95	0.83	o wi’a : Hamman fooɗ Mbuulu; fooɗ Mbuulu;	o wi a hamman fooɗ mbuulu fooɗ mbuulu	8	unknown
waxal_asr_6f5f56c291804a9cafceaac36552e635	data/fulfulde_run/audio/waxal_asr_6f5f56c291804a9cafceaac36552e635.wav	4.679	45.45	0.81	Kad doo to o ɗon wasa nii o ɗon nodda dawaaɗi :	kad doo to o ɗon wasa nii o ɗon nodda dawaaɗi	11	unknown
waxal_asr_cbb5eb93ab224016b62228703ec6f79b	data/fulfulde_run/audio/waxal_asr_cbb5eb93ab224016b62228703ec6f79b.wav	6.649	49.98	0.86	Ɓe koo’i paltaaje, bawɗi goo fuu, tummuɗe goo fuu ɓe tappi haa lesdi;	ɓe koo i paltaaje bawɗi goo fuu tummuɗe goo fuu ɓe tappi haa lesdi	14	unknown
waxal_asr_ecad66f04b0641f78c56008ecfb9a887	data/fulfulde_run/audio/waxal_asr_ecad66f04b0641f78c56008ecfb9a887.wav	13.38	46.0	0.81	o roondoyi kad doo maayɗo goo kuŋ kuŋ kuŋ o wari o maɓɓitan, debbo o tappi maɓɓoode debbo ummi jaɓi, nga teddunga gib, jaɓi teddunga gib.	o roondoyi kad doo maayɗo goo kuŋ kuŋ kuŋ o wari o maɓɓitan debbo o tappi maɓɓoode debbo ummi jaɓi nga teddunga gib jaɓi teddunga gib	26	unknown
waxal_asr_e6298300837345cdb77df8e7d953ebcc	data/fulfulde_run/audio/waxal_asr_e6298300837345cdb77df8e7d953ebcc.wav	8.886	44.85	0.79	O wii : jamwaali kam, sil njahon haa pellel waane yel, weendu ton ton, derkeejo boo jaɓi goonga.	o wii jamwaali kam sil njahon haa pellel waane yel weendu ton ton derkeejo boo jaɓi goonga	17	unknown
waxal_asr_2c2a7466dc8540c2ba71dbff0955c90a	data/fulfulde_run/audio/waxal_asr_2c2a7466dc8540c2ba71dbff0955c90a.wav	5.919	53.53	0.78	Jam, o ɗon ƴakka noome, Mbuulu maako ɗon ƴakka kurooje.	jam o ɗon ƴakka noome mbuulu maako ɗon ƴakka kurooje	10	unknown
waxal_asr_32beeba8e20f4a17864cbab17be9d9a1	data/fulfulde_run/audio/waxal_asr_32beeba8e20f4a17864cbab17be9d9a1.wav	3.016	50.56	0.82	mbi’a o wadda laanyirgal boo,	mbi a o wadda laanyirgal boo	6	unknown
waxal_asr_cd56194667724482b29a145a06f05abd	data/fulfulde_run/audio/waxal_asr_cd56194667724482b29a145a06f05abd.wav	4.577	34.09	0.91	jam, o huuci e baaba maako goo wii : a heɓti?	jam o huuci e baaba maako goo wii a heɓti	10	unknown
waxal_asr_d06b33c3eb364e2f9cb30d31e0ccc001	data/fulfulde_run/audio/waxal_asr_d06b33c3eb364e2f9cb30d31e0ccc001.wav	2.857	48.68	0.84	Jam, nii non ka waati.	jam nii non ka waati	5	unknown
waxal_asr_13bed09243744d1297ee301feaec4266	data/fulfulde_run/audio/waxal_asr_13bed09243744d1297ee301feaec4266.wav	3.66	57.48	0.67	mo ɗakkudi poola laarataake;	mo ɗakkudi poola laarataake	4	unknown
waxal_asr_76e65931bea540c1acb5f203a3e308ce	data/fulfulde_run/audio/waxal_asr_76e65931bea540c1acb5f203a3e308ce.wav	5.84	28.57	0.91	ɗaɗel feere ɗon no lutti nii wi’ata mo : yahu Sato ɓinngel am, yahu sato;	ɗaɗel feere ɗon no lutti nii wi ata mo yahu sato ɓinngel am yahu sato	15	unknown
waxal_asr_7ad4f3bdd4d54bd1982c3ea6acedff27	data/fulfulde_run/audio/waxal_asr_7ad4f3bdd4d54bd1982c3ea6acedff27.wav	8.832	39.9	0.88	Ɓe mbii : ngaɗane mo gaari mboorɗam, ɓe ngaɗani mo gaari mboorɗam, mo yari tisgo mo wii mo haari.	ɓe mbii ngaɗane mo gaari mboorɗam ɓe ngaɗani mo gaari mboorɗam mo yari tisgo mo wii mo haari	18	unknown
waxal_asr_a6934ddcfc214c5aa77bd66dd43d856a	data/fulfulde_run/audio/waxal_asr_a6934ddcfc214c5aa77bd66dd43d856a.wav	5.9	48.39	0.83	sukaajo gooto goo ɗon jala mo nganyaandiijo, ɗon jala mo.	sukaajo gooto goo ɗon jala mo nganyaandiijo ɗon jala mo	10	unknown
waxal_asr_5c839ecbe4d94d168bd56d9934cf465a	data/fulfulde_run/audio/waxal_asr_5c839ecbe4d94d168bd56d9934cf465a.wav	7.66	48.31	0.71	O teɓa mburkumho goo o sakkinana wirɓe saɓɓiiɓe.	o teɓa mburkumho goo o sakkinana wirɓe saɓɓiiɓe	8	unknown
waxal_asr_52f9c0b9a52c4ad8b4acb73abcc68308	data/fulfulde_run/audio/waxal_asr_52f9c0b9a52c4ad8b4acb73abcc68308.wav	5.912	30.61	0.89	Ɓe mbii : kay jotta kam, Alla hokke jam o gorko, o gorko, o gorko.	ɓe mbii kay jotta kam alla hokke jam o gorko o gorko o gorko	14	unknown
waxal_asr_b24473afef3c4ab19111f14dc460c2fb	data/fulfulde_run/audio/waxal_asr_b24473afef3c4ab19111f14dc460c2fb.wav	2.52	49.25	0.76	Damseere maayi ngaron.	damseere maayi ngaron	3	unknown
waxal_asr_bdd659ba296c4dd28a95a1c7253837af	data/fulfulde_run/audio/waxal_asr_bdd659ba296c4dd28a95a1c7253837af.wav	13.68	48.83	0.82	Alla hokki mo mboodga wurti nder nddiyam : wum wum wum ɗon dimmbo nder ndiyam, ɗon dimbo nder ndiyam, ɗon dimmbo, ɗon dimmbo nii wurti.	alla hokki mo mboodga wurti nder nddiyam wum wum wum ɗon dimmbo nder ndiyam ɗon dimbo nder ndiyam ɗon dimmbo ɗon dimmbo nii wurti	24	unknown
waxal_asr_831f8285cf9541ad94a06c5d971ab624	data/fulfulde_run/audio/waxal_asr_831f8285cf9541ad94a06c5d971ab624.wav	4.5	47.76	0.75	Laamɗo wii ɓe ayna mo taa taa o huuca.	laamɗo wii ɓe ayna mo taa taa o huuca	9	unknown
waxal_asr_1d75c5d144fb4a3cbb268d5c7db086dd	data/fulfulde_run/audio/waxal_asr_1d75c5d144fb4a3cbb268d5c7db086dd.wav	5.389	51.33	0.81	E aan leekuwal to mi neli maa no mbi’ata ?	e aan leekuwal to mi neli maa no mbi ata	10	unknown
waxal_asr_d8d9f1719b394d5e9de39643c15353ef	data/fulfulde_run/audio/waxal_asr_d8d9f1719b394d5e9de39643c15353ef.wav	6.074	25.1	0.96	hey ɓe mbii en ndilla law law, maayo ɗoo ndiyam ɗon ɗuuɗa, ndillen law law ɓe mbii.	hey ɓe mbii en ndilla law law maayo ɗoo ndiyam ɗon ɗuuɗa ndillen law law ɓe mbii	17	unknown
waxal_asr_ee0723d66a37479a990628c4d834138c	data/fulfulde_run/audio/waxal_asr_ee0723d66a37479a990628c4d834138c.wav	9.087	52.16	0.79	baaba goo hokki mo limce, o wii : hokkoram puccu mi ƴamtonoyte nyamaande ndee.	baaba goo hokki mo limce o wii hokkoram puccu mi ƴamtonoyte nyamaande ndee	13	unknown
waxal_asr_14bf7761642b4c5791d86c93d50e1f79	data/fulfulde_run/audio/waxal_asr_14bf7761642b4c5791d86c93d50e1f79.wav	6.163	52.7	0.78	duweere wooja nii, ɓiira koo’a tigga e yitere maako,	duweere wooja nii ɓiira koo a tigga e yitere maako	10	unknown
waxal_asr_edb1659fa0bc469d8096f4845c674f62	data/fulfulde_run/audio/waxal_asr_edb1659fa0bc469d8096f4845c674f62.wav	11.852	43.15	0.85	har ɓe dow lekki goo, o teɓa ɓenndu nde o yandina e juuɗe limce laamɗo pat laamɗo hooca wi’a : Alla am ɗum colli ɗume?	har ɓe dow lekki goo o teɓa ɓenndu nde o yandina e juuɗe limce laamɗo pat laamɗo hooca wi a alla am ɗum colli ɗume	25	unknown
waxal_asr_014ee0f5a51148ada81e5d371c99f8c5	data/fulfulde_run/audio/waxal_asr_014ee0f5a51148ada81e5d371c99f8c5.wav	11.4	49.61	0.73	moy fuu wara haɓa, haɓa, haɓa jaaral ittataako dow paɗe, pat ɗum haɓdi walaa tiggitiɗɗo.	moy fuu wara haɓa haɓa haɓa jaaral ittataako dow paɗe pat ɗum haɓdi walaa tiggitiɗɗo	15	unknown
waxal_asr_36ccd087960242539d5224854c3e84b8	data/fulfulde_run/audio/waxal_asr_36ccd087960242539d5224854c3e84b8.wav	5.712	43.13	0.9	Lummbuuru ma; lummbutuuru ma; Saayifi oori hooy ɗi ngarma.	lummbuuru ma lummbutuuru ma saayifi oori hooy ɗi ngarma	9	unknown
waxal_asr_eb1cf86a7c1a4141848956183e20a8ce	data/fulfulde_run/audio/waxal_asr_eb1cf86a7c1a4141848956183e20a8ce.wav	2.52	30.49	0.93	mo ɗakkudi poola ngarmi laargo;	mo ɗakkudi poola ngarmi laargo	5	unknown
waxal_asr_dd9791efae0a42a089d70f6d21b76815	data/fulfulde_run/audio/waxal_asr_dd9791efae0a42a089d70f6d21b76815.wav	6.897	34.07	0.93	Nden, daada maako maayi, baaba maako maayi, ɓe acci mo bee adda maako ɓii daada maako.	nden daada maako maayi baaba maako maayi ɓe acci mo bee adda maako ɓii daada maako	16	unknown
waxal_asr_7c6efc8a055f41d691b8c20d2cf2e731	data/fulfulde_run/audio/waxal_asr_7c6efc8a055f41d691b8c20d2cf2e731.wav	7.923	44.47	0.85	O wii puldebbo : war mi daane to Alla daani ma, to Alla daanaay ma fuu ɓe nyaame.	o wii puldebbo war mi daane to alla daani ma to alla daanaay ma fuu ɓe nyaame	17	unknown
waxal_asr_0d9160425f4c4647bd3ceee683068e82	data/fulfulde_run/audio/waxal_asr_0d9160425f4c4647bd3ceee683068e82.wav	8.634	48.54	0.71	Ɓe ngadda haako ɓusko ɓe mbaɗa har becce man nii nii ɓe piiltina.	ɓe ngadda haako ɓusko ɓe mbaɗa har becce man nii nii ɓe piiltina	13	unknown
waxal_asr_22c36a7a5eb5409aaec15baaa003d189	data/fulfulde_run/audio/waxal_asr_22c36a7a5eb5409aaec15baaa003d189.wav	7.439	46.26	0.85	ɓe ngurtake, luttuɗo ɗoo yehi laari geeraaɗe goo tawi geeraaɗe timmi.	ɓe ngurtake luttuɗo ɗoo yehi laari geeraaɗe goo tawi geeraaɗe timmi	11	unknown
waxal_asr_3170b3b09903451eaf21f4a9374f69aa	data/fulfulde_run/audio/waxal_asr_3170b3b09903451eaf21f4a9374f69aa.wav	2.166	45.0	0.88	haa mi yuwa noorwa;	haa mi yuwa noorwa	4	unknown
waxal_asr_20e516037f9e409da81f3bf98ba1c879	data/fulfulde_run/audio/waxal_asr_20e516037f9e409da81f3bf98ba1c879.wav	7.791	51.65	0.84	Ɓe ngaɗataa bana doore’en bee mundaŋ’en ɗoo waɗataa, ɗum ɗon waɗa?	ɓe ngaɗataa bana doore en bee mundaŋ en ɗoo waɗataa ɗum ɗon waɗa	13	unknown
waxal_asr_aacee71bc984462ea27fa1798eee39e3	data/fulfulde_run/audio/waxal_asr_aacee71bc984462ea27fa1798eee39e3.wav	6.813	51.3	0.8	hunnduko jigaawal e haccugo muuɗum nii, mi filnyitittaako?	hunnduko jigaawal e haccugo muuɗum nii mi filnyitittaako	8	unknown
waxal_asr_7b9b57782c2149a8816f3ad232ca90cf	data/fulfulde_run/audio/waxal_asr_7b9b57782c2149a8816f3ad232ca90cf.wav	3.239	32.59	0.93	Ɓiira ɓe mbii : e ko waɗi, ayyee!	ɓiira ɓe mbii e ko waɗi ayyee	7	unknown
waxal_asr_47a9394d7f7d4138b44b8bad15d58018	data/fulfulde_run/audio/waxal_asr_47a9394d7f7d4138b44b8bad15d58018.wav	9.905	54.87	0.79	ɓikkoy ngurti jam, jaama, jaama mi hacci, mi hacci, toy nyi’e man on pa’’oto naa?	ɓikkoy ngurti jam jaama jaama mi hacci mi hacci toy nyi e man on pa oto naa	17	unknown
waxal_asr_7f29d99f4f8c4d7fbbfe1b6dac5fece7	data/fulfulde_run/audio/waxal_asr_7f29d99f4f8c4d7fbbfe1b6dac5fece7.wav	12.09	46.5	0.82	Yoo gorko warti tappani debbo muuɗum maɓɓoode, nde innu ɗon no ummo jaɓa gujjaaɗum kam naa jaɓan maayɗo boo duu?	yoo gorko warti tappani debbo muuɗum maɓɓoode nde innu ɗon no ummo jaɓa gujjaaɗum kam naa jaɓan maayɗo boo duu	20	unknown
waxal_asr_20933a6cff164aa0920457d79b94fa05	data/fulfulde_run/audio/waxal_asr_20933a6cff164aa0920457d79b94fa05.wav	2.659	50.64	0.8	Sammboyel a ginnaaɗo naa?	sammboyel a ginnaaɗo naa	4	unknown
waxal_asr_3ccbc0a6363642ff922ca1ba9aacba15	data/fulfulde_run/audio/waxal_asr_3ccbc0a6363642ff922ca1ba9aacba15.wav	3.16	41.19	0.89	O yaha o nama, o yiiwo;	o yaha o nama o yiiwo	6	unknown
waxal_asr_a79d4c88cf7344bcb53f9ce492e9938e	data/fulfulde_run/audio/waxal_asr_a79d4c88cf7344bcb53f9ce492e9938e.wav	3.329	46.55	0.89	Yoo, gorko goo wii mo : anndal ngiɗɗa?	yoo gorko goo wii mo anndal ngiɗɗa	7	unknown
waxal_asr_da00427d924e41e8ba779239d5374d86	data/fulfulde_run/audio/waxal_asr_da00427d924e41e8ba779239d5374d86.wav	7.405	42.19	0.87	Ɓe ngadda lekki fuu ɓe ngaɗa gorko yamɗitaay ɗon waali ɗaɓɓa maaygo, ɗon lata non :	ɓe ngadda lekki fuu ɓe ngaɗa gorko yamɗitaay ɗon waali ɗaɓɓa maaygo ɗon lata non	15	unknown
waxal_asr_4ba1876bcbf441598586c4feb8c2e21d	data/fulfulde_run/audio/waxal_asr_4ba1876bcbf441598586c4feb8c2e21d.wav	2.46	52.92	0.72	jawmu karal ɗon wara.	jawmu karal ɗon wara	4	unknown
waxal_asr_1a63b1425cb3482da5f7c16fa9e30d49	data/fulfulde_run/audio/waxal_asr_1a63b1425cb3482da5f7c16fa9e30d49.wav	11.434	39.16	0.88	Jam, o nasti haa nder suudu Ibiraahim goo, o tawi yimɓe ɗon keewi jur, o dari caka dammugal o wii : goram Ibiraahim ngarmi laargo;	jam o nasti haa nder suudu ibiraahim goo o tawi yimɓe ɗon keewi jur o dari caka dammugal o wii goram ibiraahim ngarmi laargo	24	unknown
waxal_asr_5b1727304b58438ab34591aad71c6381	data/fulfulde_run/audio/waxal_asr_5b1727304b58438ab34591aad71c6381.wav	22.448	50.77	0.75	Daada ɗon yaha, kumaarewal yaha seeɗa fiira, yaha seeɗa, ɗon reena mo nii, ɗon reena mo nii haa ɓe ngari nastugo wuro bana gidigis non non dari, kumaarewal wii yoo : daada Damaseere kumaa;	daada ɗon yaha kumaarewal yaha seeɗa fiira yaha seeɗa ɗon reena mo nii ɗon reena mo nii haa ɓe ngari nastugo wuro bana gidigis non non dari kumaarewal wii yoo daada damaseere kumaa	33	unknown
waxal_asr_d82e78b71a9b4ee4b515e7220e12dac8	data/fulfulde_run/audio/waxal_asr_d82e78b71a9b4ee4b515e7220e12dac8.wav	8.32	46.26	0.8	Ummi huɗi mo, jam o ɓerni o dilli o wa’’oyi jaɓɓi juuutki, o jooɗi,	ummi huɗi mo jam o ɓerni o dilli o wa oyi jaɓɓi juuutki o jooɗi	15	unknown
waxal_asr_c58024d18fd04dca84ddc980838a381b	data/fulfulde_run/audio/waxal_asr_c58024d18fd04dca84ddc980838a381b.wav	5.35	46.96	0.84	Nden nga ƴamim mi mbii mi : miin weete Daari-Bano;	nden nga ƴamim mi mbii mi miin weete daari-bano	9	unknown
waxal_asr_9b0d4c35c23846538872f0981fa8fe0e	data/fulfulde_run/audio/waxal_asr_9b0d4c35c23846538872f0981fa8fe0e.wav	6.129	29.45	0.94	To jemma waɗi fuu o diwa mahol, o yaha haa ɓinngel goo, o wurto o huuca.	to jemma waɗi fuu o diwa mahol o yaha haa ɓinngel goo o wurto o huuca	16	unknown
waxal_asr_b7a4911b29084bdebbe285b204e7863e	data/fulfulde_run/audio/waxal_asr_b7a4911b29084bdebbe285b204e7863e.wav	4.599	24.6	0.93	Dundeeje, dundeeje, daada walaa duuniya, baabayel konu	dundeeje dundeeje daada walaa duuniya baabayel konu	7	unknown
waxal_asr_a8270592b6464909a2c8b2535243a329	data/fulfulde_run/audio/waxal_asr_a8270592b6464909a2c8b2535243a329.wav	12.122	47.73	0.79	O wii : miin kam ndaa kuturuujo am oo, mi elataa mo, to a yiɗi mbaalda bee maako mi hokkete, to a waaldaay bee maako mi hokkataa ma.	o wii miin kam ndaa kuturuujo am oo mi elataa mo to a yiɗi mbaalda bee maako mi hokkete to a waaldaay bee maako mi hokkataa ma	27	unknown
waxal_asr_30f14fbb1190421dbe3993b8245a1938	data/fulfulde_run/audio/waxal_asr_30f14fbb1190421dbe3993b8245a1938.wav	3.893	29.89	0.96	Ɗi ngaɗi geeraaɗe, to ɗi ɗon ndilla ladde fuu wi’a :	ɗi ngaɗi geeraaɗe to ɗi ɗon ndilla ladde fuu wi a	11	unknown
waxal_asr_9093c191ce544457acb953527ca9d1e3	data/fulfulde_run/audio/waxal_asr_9093c191ce544457acb953527ca9d1e3.wav	4.645	50.96	0.79	maama naa a laari e suudu am woni kadi, too!	maama naa a laari e suudu am woni kadi too	10	unknown
waxal_asr_c55da658d8304d848e4116df50033dcf	data/fulfulde_run/audio/waxal_asr_c55da658d8304d848e4116df50033dcf.wav	9.176	44.1	0.83	O wii : Alla am hokkam mi nyeerude nii, ko mi nyeera, Alla hokki mo, o nyeɗi, o maaɓi bee horde.	o wii alla am hokkam mi nyeerude nii ko mi nyeera alla hokki mo o nyeɗi o maaɓi bee horde	20	unknown
waxal_asr_52b9a97f8cae4e99af62a961f90f1639	data/fulfulde_run/audio/waxal_asr_52b9a97f8cae4e99af62a961f90f1639.wav	7.768	48.97	0.7	Ɓe mbi’a : naa ɗoo, kad doo nga dilla : daada Damseere kuma;	ɓe mbi a naa ɗoo kad doo nga dilla daada damseere kuma	12	unknown
waxal_asr_4bd08a422aa4482791c03757ecb870d2	data/fulfulde_run/audio/waxal_asr_4bd08a422aa4482791c03757ecb870d2.wav	3.537	49.78	0.79	yoo ƴeende toɓi nii, mi waddataa?	yoo ƴeende toɓi nii mi waddataa	6	unknown
waxal_asr_ff80b9b4c5a5461e875505393ae652a3	data/fulfulde_run/audio/waxal_asr_ff80b9b4c5a5461e875505393ae652a3.wav	4.382	36.04	0.93	O wii : nyeɗ, o nyeɗi, o wii : jo’’inoy to, o jo’’ini.	o wii nyeɗ o nyeɗi o wii jo inoy to o jo ini	13	unknown
waxal_asr_8c6bb844713c4fcba95b6ce39ab1ec9c	data/fulfulde_run/audio/waxal_asr_8c6bb844713c4fcba95b6ce39ab1ec9c.wav	12.409	49.71	0.82	Jam, Hamman wurti wa’’i dow beembal, wurtini Mbuulu mum boo ɗon nder beembal ton wi’a yoo : Hamman fooɗ Mbuulu; fooɗ Mbuulu;	jam hamman wurti wa i dow beembal wurtini mbuulu mum boo ɗon nder beembal ton wi a yoo hamman fooɗ mbuulu fooɗ mbuulu	23	unknown
waxal_asr_6fb9ff6964dc458eae43dadd63551434	data/fulfulde_run/audio/waxal_asr_6fb9ff6964dc458eae43dadd63551434.wav	3.771	44.69	0.78	o laari; huɓɓu yiite, o huɓɓi yiite,	o laari huɓɓu yiite o huɓɓi yiite	7	unknown
waxal_asr_a5591df8a8e74774add79475b7441c6a	data/fulfulde_run/audio/waxal_asr_a5591df8a8e74774add79475b7441c6a.wav	10.877	47.18	0.81	Yowwaa! ndee goo kam laamɗo dilli jahaangal, ɓe pat ɓe mbii yoo ɓe ndefantaa mo, o wii yoo o defan.	yowwaa ndee goo kam laamɗo dilli jahaangal ɓe pat ɓe mbii yoo ɓe ndefantaa mo o wii yoo o defan	20	unknown
waxal_asr_a08ef305b3d74d95a829234909b47458	data/fulfulde_run/audio/waxal_asr_a08ef305b3d74d95a829234909b47458.wav	2.041	43.41	0.87	ɓii laamɗo kajaajo.	ɓii laamɗo kajaajo	3	unknown
waxal_asr_79874035dd1440379ea79789a98260ef	data/fulfulde_run/audio/waxal_asr_79874035dd1440379ea79789a98260ef.wav	7.502	46.02	0.84	o wii yoo : yah, Alla yaare jam, Alla wartire jam, a fottan bee mokoy jowi;	o wii yoo yah alla yaare jam alla wartire jam a fottan bee mokoy jowi	15	unknown
waxal_asr_85e6cd555aae4f85b3509e61da707909	data/fulfulde_run/audio/waxal_asr_85e6cd555aae4f85b3509e61da707909.wav	6.3	40.99	0.78	Jam, debbo laamɗo goo danyaay, jam debbo mum waɗi reedu.	jam debbo laamɗo goo danyaay jam debbo mum waɗi reedu	10	unknown
waxal_asr_553df03ec0d348a19715ebef817eaadb	data/fulfulde_run/audio/waxal_asr_553df03ec0d348a19715ebef817eaadb.wav	13.3	48.33	0.79	Gorko oo, o ɓaŋi debbo, ɓe ndaydi ɓinngel gootel, debbo man maayi, o ɓaŋi debbo feere yiɗaa ɓinngel man, ɓinngel man boo nyuufake ;	gorko oo o ɓaŋi debbo ɓe ndaydi ɓinngel gootel debbo man maayi o ɓaŋi debbo feere yiɗaa ɓinngel man ɓinngel man boo nyuufake	23	unknown
waxal_asr_5ead3cebc502442c9c89d1a2dd52cc59	data/fulfulde_run/audio/waxal_asr_5ead3cebc502442c9c89d1a2dd52cc59.wav	4.62	48.32	0.83	Anndi Buhaari daabo yah haa mamma daabo ;	anndi buhaari daabo yah haa mamma daabo	7	unknown
waxal_asr_a9e07d962b794b8fb511b239b4ca59c9	data/fulfulde_run/audio/waxal_asr_a9e07d962b794b8fb511b239b4ca59c9.wav	4.977	49.84	0.83	ɓii dawaaɗi, toy nyi’e man, malli on paa’’oto?	ɓii dawaaɗi toy nyi e man malli on paa oto	10	unknown
waxal_asr_c97fd041b87848bb9a6afd92333a8963	data/fulfulde_run/audio/waxal_asr_c97fd041b87848bb9a6afd92333a8963.wav	4.68	54.01	0.79	Anndi to moyjo moyjoo anndi Buhaari daabo ;	anndi to moyjo moyjoo anndi buhaari daabo	7	unknown
waxal_asr_2c8fefb7044e43d8ba9a5e45788ac07c	data/fulfulde_run/audio/waxal_asr_2c8fefb7044e43d8ba9a5e45788ac07c.wav	4.615	33.86	0.85	fooɗ Mbuulu, Mbuulu wi’a yoo : Mbuulu sali fooɗaago;	fooɗ mbuulu mbuulu wi a yoo mbuulu sali fooɗaago	9	unknown
waxal_asr_159c5669a8674db8876d4fce6f2df54d	data/fulfulde_run/audio/waxal_asr_159c5669a8674db8876d4fce6f2df54d.wav	2.629	53.35	0.74	ɓinngel noy kuucirten?	ɓinngel noy kuucirten	3	unknown
waxal_asr_5869d6e02bf2413c8e7ffc8ee12fe350	data/fulfulde_run/audio/waxal_asr_5869d6e02bf2413c8e7ffc8ee12fe350.wav	3.914	48.73	0.8	Debbo oo, mo wii yoo, o yiɗi daygo;	debbo oo mo wii yoo o yiɗi daygo	8	unknown
waxal_asr_6b63ab9c31a64e60be7f15cd8cb165b3	data/fulfulde_run/audio/waxal_asr_6b63ab9c31a64e60be7f15cd8cb165b3.wav	7.999	31.47	0.95	Min aynini ma geeraaɗe aynu aynu, a aynataa a nyaadiyam geeraaɗe pat, hannde kam miin njuɗoyte.	min aynini ma geeraaɗe aynu aynu a aynataa a nyaadiyam geeraaɗe pat hannde kam miin njuɗoyte	16	unknown
waxal_asr_673646e2291b47d99065bd502f531bdb	data/fulfulde_run/audio/waxal_asr_673646e2291b47d99065bd502f531bdb.wav	6.973	51.73	0.8	Nden kam ndaa ɓunndu ɗoo nastee, mo hoo’aay fuu ndiyam saɓataa ɓunndu nduu ;	nden kam ndaa ɓunndu ɗoo nastee mo hoo aay fuu ndiyam saɓataa ɓunndu nduu	14	unknown
waxal_asr_072d756515034939b5770d017d7e3f67	data/fulfulde_run/audio/waxal_asr_072d756515034939b5770d017d7e3f67.wav	6.35	45.62	0.85	yah, Alla yaare jam, Alla wartire jam, a fottan bee mukoy nayi;	yah alla yaare jam alla wartire jam a fottan bee mukoy nayi	12	unknown
waxal_asr_e062d95e163442fab72178ba9734a570	data/fulfulde_run/audio/waxal_asr_e062d95e163442fab72178ba9734a570.wav	6.358	35.98	0.9	yah, Alla yaare jam, Alla wartire jam, a fottan bee mokoy saddi nanndere;	yah alla yaare jam alla wartire jam a fottan bee mokoy saddi nanndere	13	unknown
waxal_asr_a22bb6e6112d47ceb589f47a4b664e6c	data/fulfulde_run/audio/waxal_asr_a22bb6e6112d47ceb589f47a4b664e6c.wav	12.54	50.68	0.74	bawɗi goo ɗon piya, ɗon piya, jam o tulli dabare. Laamɗo ɓadake wartugo o heɓaay no o waɗi ɓinngel.	bawɗi goo ɗon piya ɗon piya jam o tulli dabare laamɗo ɓadake wartugo o heɓaay no o waɗi ɓinngel	19	unknown
waxal_asr_4506afb6fc1946f2b09f6d7270707f18	data/fulfulde_run/audio/waxal_asr_4506afb6fc1946f2b09f6d7270707f18.wav	5.34	51.17	0.79	Ɓe mbii ɓe takana mo follere, ɓe takani mo follere.	ɓe mbii ɓe takana mo follere ɓe takani mo follere	10	unknown
waxal_asr_4310074c1b284b20b9d5dfc387056540	data/fulfulde_run/audio/waxal_asr_4310074c1b284b20b9d5dfc387056540.wav	5.64	49.11	0.75	Ɓe mbii ngele pat hannde wara do’’o dow baaba mum.	ɓe mbii ngele pat hannde wara do o dow baaba mum	11	unknown
waxal_asr_c578664261f34fa59a144ab71077fc4a	data/fulfulde_run/audio/waxal_asr_c578664261f34fa59a144ab71077fc4a.wav	3.54	49.68	0.78	Jam, yimɓe campiti kadi ndilli.	jam yimɓe campiti kadi ndilli	5	unknown
waxal_asr_7c1378f2db1c4e5792ff209e063f9636	data/fulfulde_run/audio/waxal_asr_7c1378f2db1c4e5792ff209e063f9636.wav	4.011	50.6	0.63	o wii : ɗon ɗon njaalnoomi nde.	o wii ɗon ɗon njaalnoomi nde	6	unknown
waxal_asr_0990e8b10cc348ecb9ab10eff1e22403	data/fulfulde_run/audio/waxal_asr_0990e8b10cc348ecb9ab10eff1e22403.wav	17.94	50.8	0.75	O hokki mo hunnde, o efti, ɓe efti maayɗo ɓe ndokki mo o jaɓi jemma, o ruggi kad doo kim kim kim kim o yehi o ɓaaroyi kab e suudu maako.	o hokki mo hunnde o efti ɓe efti maayɗo ɓe ndokki mo o jaɓi jemma o ruggi kad doo kim kim kim kim o yehi o ɓaaroyi kab e suudu maako	31	unknown
waxal_asr_fcfe7a28aab542ed906e530c52464070	data/fulfulde_run/audio/waxal_asr_fcfe7a28aab542ed906e530c52464070.wav	5.824	35.9	0.9	mbaala nyaama haara; rimanammi njawdiri, njawdiri noonaandi;	mbaala nyaama haara rimanammi njawdiri njawdiri noonaandi	7	unknown
waxal_asr_67dcfe2c808f4cd4ae9ef1ce20a0e52e	data/fulfulde_run/audio/waxal_asr_67dcfe2c808f4cd4ae9ef1ce20a0e52e.wav	16.98	50.11	0.75	Suy, to ɓe ngaɗi lekki kiye fuu nii, ɓe caftan ɓe ewno yam. To mi wari nii, mi wi’an ɓe hala lekki kii nafa, naa debbo maako yiɗaa mo du? No o yamɗitirta nden kam?	suy to ɓe ngaɗi lekki kiye fuu nii ɓe caftan ɓe ewno yam to mi wari nii mi wi an ɓe hala lekki kii nafa naa debbo maako yiɗaa mo du no o yamɗitirta nden kam	36	unknown
waxal_asr_45be00f964aa42f393aa69a34792b82c	data/fulfulde_run/audio/waxal_asr_45be00f964aa42f393aa69a34792b82c.wav	5.289	33.38	0.89	O hooci o wasi, o wasi ngaska, o wasi ngaska haa hunnde ɗoo goo,	o hooci o wasi o wasi ngaska o wasi ngaska haa hunnde ɗoo goo	14	unknown
waxal_asr_6c1c6fc04a6f4762b8cdc565c05530e7	data/fulfulde_run/audio/waxal_asr_6c1c6fc04a6f4762b8cdc565c05530e7.wav	7.048	42.76	0.88	a’aa ngare, ngare haa mi yaha mi yiina on haa jiire woni, miin kam taa njuɗeeyam.	a aa ngare ngare haa mi yaha mi yiina on haa jiire woni miin kam taa njuɗeeyam	17	unknown
waxal_asr_b68282ad5fdf44f889cc61c1d6af74d4	data/fulfulde_run/audio/waxal_asr_b68282ad5fdf44f889cc61c1d6af74d4.wav	4.626	56.14	0.72	haɓɓi ɗoo ɓaawo haa waddi haa kosɗe,	haɓɓi ɗoo ɓaawo haa waddi haa kosɗe	7	unknown
waxal_asr_748a73220e1f4b4caea70e5b7c6daf84	data/fulfulde_run/audio/waxal_asr_748a73220e1f4b4caea70e5b7c6daf84.wav	13.424	49.08	0.78	a semtii mi haaraay. Njaare mo beembal yoloɓri. O yehi o nyaami beembal yoloɓri goo o haaraay. O jooɗi dow daande beembal :	a semtii mi haaraay njaare mo beembal yoloɓri o yehi o nyaami beembal yoloɓri goo o haaraay o jooɗi dow daande beembal	22	unknown
waxal_asr_909ec71991304d2a82685f079fbc6aba	data/fulfulde_run/audio/waxal_asr_909ec71991304d2a82685f079fbc6aba.wav	4.004	43.47	0.8	Jam, ɓe pe’’i mboodi goo pak ɓe mbari ɗum.	jam ɓe pe i mboodi goo pak ɓe mbari ɗum	10	unknown
waxal_asr_1774c45ac2614901b6424d5c5be315ec	data/fulfulde_run/audio/waxal_asr_1774c45ac2614901b6424d5c5be315ec.wav	5.854	40.85	0.87	Debbo oo, mo wii mo ɗofti dewerɗiiko war no e maako jahaangal.	debbo oo mo wii mo ɗofti dewerɗiiko war no e maako jahaangal	12	unknown
waxal_asr_42507e56292d4da9b3cc44e9799c442a	data/fulfulde_run/audio/waxal_asr_42507e56292d4da9b3cc44e9799c442a.wav	4.38	45.24	0.83	O tawi mbeela nga, nga ɗon heewi ndiyam tel.	o tawi mbeela nga nga ɗon heewi ndiyam tel	9	unknown
waxal_asr_8130feace8a04de6bb049156990b677e	data/fulfulde_run/audio/waxal_asr_8130feace8a04de6bb049156990b677e.wav	4.079	37.73	0.9	Ɓe ndokka mo : ndaa ndiyam, ndaa ndiyam o wolwataa;	ɓe ndokka mo ndaa ndiyam ndaa ndiyam o wolwataa	9	unknown
waxal_asr_87e05c8a12ff4f78891b6d766474e001	data/fulfulde_run/audio/waxal_asr_87e05c8a12ff4f78891b6d766474e001.wav	2.243	53.49	0.73	Ndiyam wonnataa?	ndiyam wonnataa	2	unknown
waxal_asr_496110833fee462fbd9c6403195cd0ae	data/fulfulde_run/audio/waxal_asr_496110833fee462fbd9c6403195cd0ae.wav	9.753	41.27	0.87	O yehi o wa’’i haa jaɓɓi goo kadi, o helta leɗɗe jey joorɗum goo o sakkina, ɓe kooca haa leɗɗe goo waagi nii :	o yehi o wa i haa jaɓɓi goo kadi o helta leɗɗe jey joorɗum goo o sakkina ɓe kooca haa leɗɗe goo waagi nii	24	unknown
waxal_asr_1168421ee3b64300a86f69fdca11c2e7	data/fulfulde_run/audio/waxal_asr_1168421ee3b64300a86f69fdca11c2e7.wav	15.611	47.47	0.83	kummbooji am, nanataa, kummboji am, nanataa, itta nofru wooru ƴakka, o yaha haa o nana : kummbooji am, kummbooji am, haa doggi ɗon tokki laawol;	kummbooji am nanataa kummboji am nanataa itta nofru wooru ƴakka o yaha haa o nana kummbooji am kummbooji am haa doggi ɗon tokki laawol	24	unknown
waxal_asr_58a3408a382a482e8e7a3a9df5f15d17	data/fulfulde_run/audio/waxal_asr_58a3408a382a482e8e7a3a9df5f15d17.wav	5.584	43.26	0.83	wuro fuu wurti, o wii sey to o humpitoyake ko nanngi ɓiyiiko.	wuro fuu wurti o wii sey to o humpitoyake ko nanngi ɓiyiiko	12	unknown
waxal_asr_430bac9421fa43c2b99ea86f7effaab0	data/fulfulde_run/audio/waxal_asr_430bac9421fa43c2b99ea86f7effaab0.wav	3.6	50.8	0.79	junngo yewi, kosngal yewi ɗon lata.	junngo yewi kosngal yewi ɗon lata	6	unknown
waxal_asr_e7b3441112d749f4aae0cb6ff9238c18	data/fulfulde_run/audio/waxal_asr_e7b3441112d749f4aae0cb6ff9238c18.wav	11.153	43.78	0.81	Gorko oo, koo ko o mari sey dawraaji tati, koo siisi o walaa boo luuti dawraaji ɗiɗɗin o ɗon wakki yaha.	gorko oo koo ko o mari sey dawraaji tati koo siisi o walaa boo luuti dawraaji ɗiɗɗin o ɗon wakki yaha	21	unknown
waxal_asr_80f19b5d4fb9478dad1c2942114eec03	data/fulfulde_run/audio/waxal_asr_80f19b5d4fb9478dad1c2942114eec03.wav	2.516	50.22	0.8	sirla ma yani, gorko wii :	sirla ma yani gorko wii	5	unknown
waxal_asr_538128a9c9854b47bc6d325ccd4543c0	data/fulfulde_run/audio/waxal_asr_538128a9c9854b47bc6d325ccd4543c0.wav	8.208	32.64	0.92	Ɓiira pucci cakiti ɓaawo, ɓiira ɓe ɗon caaɓna, ɓiira kamɓe boo ɓe mba’’i pucci maɓɓe ɓe ɗon caaɓna.	ɓiira pucci cakiti ɓaawo ɓiira ɓe ɗon caaɓna ɓiira kamɓe boo ɓe mba i pucci maɓɓe ɓe ɗon caaɓna	19	unknown
waxal_asr_1181d8e1f7a04425a74f6028c5c22906	data/fulfulde_run/audio/waxal_asr_1181d8e1f7a04425a74f6028c5c22906.wav	8.477	45.32	0.79	Jam yaadikko huuci loorti, yehi fe’’oy dundeehi goo wirgi,	jam yaadikko huuci loorti yehi fe oy dundeehi goo wirgi	10	unknown
waxal_asr_a14eb850d12d4d189b3005432b7d5b45	data/fulfulde_run/audio/waxal_asr_a14eb850d12d4d189b3005432b7d5b45.wav	7.781	45.54	0.85	Jiire boo ɗon sanynya goo waɗa nii, jawmu karal wari wii : yimɓe ɗiɗo njaalaay ɗoo?	jiire boo ɗon sanynya goo waɗa nii jawmu karal wari wii yimɓe ɗiɗo njaalaay ɗoo	15	unknown
waxal_asr_97fd6c1fdd5849c1ac6c4f13e9f3e1b7	data/fulfulde_run/audio/waxal_asr_97fd6c1fdd5849c1ac6c4f13e9f3e1b7.wav	9.996	46.89	0.84	Farawre goo wii mo yoo : farawre eertinam; cellitaa mi reeta ƴakkaa ɗum, mbi’aa mi eertine naa?	farawre goo wii mo yoo farawre eertinam cellitaa mi reeta ƴakkaa ɗum mbi aa mi eertine naa	17	unknown
waxal_asr_e6e0e74b7c7c4c368f2ab848c7d066c8	data/fulfulde_run/audio/waxal_asr_e6e0e74b7c7c4c368f2ab848c7d066c8.wav	8.488	41.33	0.87	O nyuufi haa ɓe ɓaŋa mo, o wii yoo kanko sinaa o laaroya duuniya fuu o ɓaŋataake.	o nyuufi haa ɓe ɓaŋa mo o wii yoo kanko sinaa o laaroya duuniya fuu o ɓaŋataake	17	unknown
waxal_asr_a33ee4c004cd4f0ea2df4ca8282dab20	data/fulfulde_run/audio/waxal_asr_a33ee4c004cd4f0ea2df4ca8282dab20.wav	2.566	53.44	0.76	maayɗo kam ton ɓaari.	maayɗo kam ton ɓaari	4	unknown
waxal_asr_c9b209db672142119b305c6e36acd208	data/fulfulde_run/audio/waxal_asr_c9b209db672142119b305c6e36acd208.wav	5.616	41.29	0.87	Jam, baaba goo hokki mo, o hoo’i bee maccuɓe ɗiɗo o dillidi,	jam baaba goo hokki mo o hoo i bee maccuɓe ɗiɗo o dillidi	13	unknown
waxal_asr_25f7f87e7a1b4d90bf4d88b78cb2b0c8	data/fulfulde_run/audio/waxal_asr_25f7f87e7a1b4d90bf4d88b78cb2b0c8.wav	12.328	42.71	0.87	O wii mo yoo : non non, woodi ɓii gorko am weete Daari Bano mo yamde e tiinde, mo huduure e daande Daari Bano.	o wii mo yoo non non woodi ɓii gorko am weete daari bano mo yamde e tiinde mo huduure e daande daari bano	23	unknown
waxal_asr_9451b81237794ca3b18df6f117e9740f	data/fulfulde_run/audio/waxal_asr_9451b81237794ca3b18df6f117e9740f.wav	4.767	49.54	0.82	Ɓe njehi marabbaare o ɓoorti o sakkini, o wii :	ɓe njehi marabbaare o ɓoorti o sakkini o wii	9	unknown
waxal_asr_a7d39a61ec5f4db8b483f049167365e2	data/fulfulde_run/audio/waxal_asr_a7d39a61ec5f4db8b483f049167365e2.wav	7.121	44.2	0.86	o ta’i dey dey dubbeere mbofofa goo o hokki ɓe, ɓe mbii ɓadake, ammaa siwaa.	o ta i dey dey dubbeere mbofofa goo o hokki ɓe ɓe mbii ɓadake ammaa siwaa	16	unknown
waxal_asr_1ca18342f309453c87d72e166027f719	data/fulfulde_run/audio/waxal_asr_1ca18342f309453c87d72e166027f719.wav	8.582	48.79	0.84	Ɓe ɗon ngima, ɓe ɗon ilina haa nde ɓe paandi saare laamɗo goo, kumaarewal wii :	ɓe ɗon ngima ɓe ɗon ilina haa nde ɓe paandi saare laamɗo goo kumaarewal wii	15	unknown
waxal_asr_685ce933cd9d4bd6af803ab4c438283f	data/fulfulde_run/audio/waxal_asr_685ce933cd9d4bd6af803ab4c438283f.wav	2.982	40.91	0.86	Fatuma nduunya moɗi yam mi geeto.	fatuma nduunya moɗi yam mi geeto	6	unknown
waxal_asr_ca1d8de133f744718f39fe07680fe77b	data/fulfulde_run/audio/waxal_asr_ca1d8de133f744718f39fe07680fe77b.wav	10.8	45.21	0.88	Jam, tokki tokki tokki haa ɓinngel goo mawni, wi’ata : Alla am daada am, e ko waɗi baaba am nii, yiɗaakam kam?	jam tokki tokki tokki haa ɓinngel goo mawni wi ata alla am daada am e ko waɗi baaba am nii yiɗaakam kam	22	unknown
waxal_asr_6594d0236b1e40ce9c909fff7f22b812	data/fulfulde_run/audio/waxal_asr_6594d0236b1e40ce9c909fff7f22b812.wav	13.462	55.1	0.78	umma, to a yehi suudu, a tawi suudu ɗon ranwa maa, ndogga law ngaraa, to a tawi suudu ɗon ɓalwa boo, ndippitaa wicco gaaji ngara;	umma to a yehi suudu a tawi suudu ɗon ranwa maa ndogga law ngaraa to a tawi suudu ɗon ɓalwa boo ndippitaa wicco gaaji ngara	25	unknown
waxal_asr_6315eb0f5c6b47ffab4041d3dc6004c3	data/fulfulde_run/audio/waxal_asr_6315eb0f5c6b47ffab4041d3dc6004c3.wav	4.38	45.97	0.79	Yoo bisimilla, o hokki laamɗo goo nyamaande.	yoo bisimilla o hokki laamɗo goo nyamaande	7	unknown
waxal_asr_d769ada1be924e61be645f4fd2e0c1e1	data/fulfulde_run/audio/waxal_asr_d769ada1be924e61be645f4fd2e0c1e1.wav	2.937	45.28	0.9	Lummbuuru ma; lummbutuuru ma;	lummbuuru ma lummbutuuru ma	4	unknown
waxal_asr_a24005d0aa2d485099514d8dc7e2e3b5	data/fulfulde_run/audio/waxal_asr_a24005d0aa2d485099514d8dc7e2e3b5.wav	3.48	51.22	0.69	fatuma Nduunya goo tuppana mo.	fatuma nduunya goo tuppana mo	5	unknown
waxal_asr_415fbc00b8bf449bb503481bb7829e9b	data/fulfulde_run/audio/waxal_asr_415fbc00b8bf449bb503481bb7829e9b.wav	10.643	55.02	0.76	Yoo, war colel am, naa to a yehi saare baaba am naa a haaran; o wii booɗɗum; mi haaran? A haaran.	yoo war colel am naa to a yehi saare baaba am naa a haaran o wii booɗɗum mi haaran a haaran	21	unknown
waxal_asr_77c3623ced9d4e5db92c9535aa2654da	data/fulfulde_run/audio/waxal_asr_77c3623ced9d4e5db92c9535aa2654da.wav	4.007	39.29	0.83	Jam, kanko kam o nanngi laawol bee Mbuulu.	jam kanko kam o nanngi laawol bee mbuulu	8	unknown
waxal_asr_96c24581ab844ff08bb83f276501f9ca	data/fulfulde_run/audio/waxal_asr_96c24581ab844ff08bb83f276501f9ca.wav	7.355	31.68	0.92	Ɓinngel goo wii : aa’a miin kam mi yimataa sinaa to a suɓtani yam kolobaaji  jidde,	ɓinngel goo wii aa a miin kam mi yimataa sinaa to a suɓtani yam kolobaaji jidde	16	unknown
waxal_asr_1cfedae14e4d49b58d2edf594b5d39a5	data/fulfulde_run/audio/waxal_asr_1cfedae14e4d49b58d2edf594b5d39a5.wav	5.278	24.32	0.95	a semtii mi haaraay. Njaare mo beembal biriiji, o moɗi o haaraay.	a semtii mi haaraay njaare mo beembal biriiji o moɗi o haaraay	12	unknown
waxal_asr_f108e1f62f084e8494e58ece535082bd	data/fulfulde_run/audio/waxal_asr_f108e1f62f084e8494e58ece535082bd.wav	3.696	49.5	0.87	Yoo, buubel an ko ɓuutanɗaa?	yoo buubel an ko ɓuutanɗaa	5	unknown
waxal_asr_25633e1639274f5a8f03b8c0c0e2c265	data/fulfulde_run/audio/waxal_asr_25633e1639274f5a8f03b8c0c0e2c265.wav	9.074	45.03	0.76	O wii jottakam, o heɓi ngu o yaada, bee puru ɓalwa-koppi ɗoo o yaadata jahaangal.	o wii jottakam o heɓi ngu o yaada bee puru ɓalwa-koppi ɗoo o yaadata jahaangal	15	unknown
waxal_asr_d289f3dfddf64af98b59bf44171618a9	data/fulfulde_run/audio/waxal_asr_d289f3dfddf64af98b59bf44171618a9.wav	13.171	53.61	0.79	Gorgi maako goo wi’a : kayya waaye warii ndillen na, kayya war ndillen o nannga mo junngo o fooɗa, o sali dillugo o ɗon dari.	gorgi maako goo wi a kayya waaye warii ndillen na kayya war ndillen o nannga mo junngo o fooɗa o sali dillugo o ɗon dari	25	unknown
waxal_asr_99f545f698c1412d80382807e370b183	data/fulfulde_run/audio/waxal_asr_99f545f698c1412d80382807e370b183.wav	4.92	54.08	0.77	to min ngurtini ma kam, naa a aynanan min naa?	to min ngurtini ma kam naa a aynanan min naa	10	unknown
waxal_asr_a22c25dd896f42ebb59de1cabce39198	data/fulfulde_run/audio/waxal_asr_a22c25dd896f42ebb59de1cabce39198.wav	13.031	50.79	0.76	Nde nastumi, nyeɗanmi ɓe, nyeɗmi, miin kam, miin boo nii non ɓe mbii ɓe ngurtintaa, ɓe tekki, ɓe ndilli;	nde nastumi nyeɗanmi ɓe nyeɗmi miin kam miin boo nii non ɓe mbii ɓe ngurtintaa ɓe tekki ɓe ndilli	19	unknown
waxal_asr_2dd3d9c0060f4afaa73e3d4b181ee07e	data/fulfulde_run/audio/waxal_asr_2dd3d9c0060f4afaa73e3d4b181ee07e.wav	16.92	53.35	0.71	farawre eertinam, farawre eertini mo, reeta juɗaaɗum, reeta juɗaaka, sellitit ne juɗaaɗum am ɗoo ƴakka, o selliti o ƴakki ;	farawre eertinam farawre eertini mo reeta juɗaaɗum reeta juɗaaka sellitit ne juɗaaɗum am ɗoo ƴakka o selliti o ƴakki	19	unknown
waxal_asr_97ad321e8416404da199bcd8a6b3d41a	data/fulfulde_run/audio/waxal_asr_97ad321e8416404da199bcd8a6b3d41a.wav	5.846	54.9	0.81	keɗitee keɗitee ɗon nder suudu motta, harakaaji :	keɗitee keɗitee ɗon nder suudu motta harakaaji	7	unknown
waxal_asr_f80b1e8a3dff4399a34f953dfd465d70	data/fulfulde_run/audio/waxal_asr_f80b1e8a3dff4399a34f953dfd465d70.wav	4.74	51.61	0.62	O wi’a : Hamman fooɗ Mbuulu; fooɗ Mbuulu;	o wi a hamman fooɗ mbuulu fooɗ mbuulu	8	unknown
waxal_asr_546283240ebb4c6d9303945779dd8ec4	data/fulfulde_run/audio/waxal_asr_546283240ebb4c6d9303945779dd8ec4.wav	6.465	48.2	0.73	O efti maayɗo goo, o ƴamata mo yoo : ɗume ɗume kooloton?	o efti maayɗo goo o ƴamata mo yoo ɗume ɗume kooloton	11	unknown
waxal_asr_4ab862fd7a7c443098ab4f940280ed5b	data/fulfulde_run/audio/waxal_asr_4ab862fd7a7c443098ab4f940280ed5b.wav	3.759	52.02	0.75	Sonndu waɗi : Moy mari paanyo liyel;	sonndu waɗi moy mari paanyo liyel	6	unknown
waxal_asr_97bdd02700b3447181c03822228d8a19	data/fulfulde_run/audio/waxal_asr_97bdd02700b3447181c03822228d8a19.wav	12.667	46.96	0.77	laamɗo goo jeeɗi. jam, wari waali haa siwto jemma waɗi kadi waalake haa siwto. Ɓinngel maako goo wi’ata :	laamɗo goo jeeɗi jam wari waali haa siwto jemma waɗi kadi waalake haa siwto ɓinngel maako goo wi ata	19	unknown
waxal_asr_7becc5a35b1d4d218c1857f28b68ceae	data/fulfulde_run/audio/waxal_asr_7becc5a35b1d4d218c1857f28b68ceae.wav	4.91	50.06	0.83	Dawaaɗi goo fuu nani, ɓiira ɗon ŋaafto, ɗon ŋaafto.	dawaaɗi goo fuu nani ɓiira ɗon ŋaafto ɗon ŋaafto	9	unknown
waxal_asr_44fd8a631a1d42e480363303c3bfddaa	data/fulfulde_run/audio/waxal_asr_44fd8a631a1d42e480363303c3bfddaa.wav	3.18	57.51	0.73	bajjo e daada; bajjo e baaba;	bajjo e daada bajjo e baaba	6	unknown
waxal_asr_1d519419469348d6a36e339abc2e7362	data/fulfulde_run/audio/waxal_asr_1d519419469348d6a36e339abc2e7362.wav	4.888	46.74	0.85	Puldebbo goo wi’a : ayyee no daande ma weldi ɓinngel am?	puldebbo goo wi a ayyee no daande ma weldi ɓinngel am	11	unknown
waxal_asr_e1d898d79384425a91678973471066b7	data/fulfulde_run/audio/waxal_asr_e1d898d79384425a91678973471066b7.wav	2.355	48.4	0.79	E to Damseere am?	e to damseere am	4	unknown
waxal_asr_ee669723582f410293dfc354fc43583b	data/fulfulde_run/audio/waxal_asr_ee669723582f410293dfc354fc43583b.wav	6.626	31.79	0.9	jam, o hooca ɗon boo o ta’a wicco kada bannaari o hokka ɓe, ɓe mbi’a : siwaa.	jam o hooca ɗon boo o ta a wicco kada bannaari o hokka ɓe ɓe mbi a siwaa	18	unknown
waxal_asr_1ce2536dccdb446ca5102e71e879b8bb	data/fulfulde_run/audio/waxal_asr_1ce2536dccdb446ca5102e71e879b8bb.wav	4.578	36.87	0.89	loornu kadi boo : To miin hoo’i laalayel foondu ladde ;	loornu kadi boo to miin hoo i laalayel foondu ladde	10	unknown
waxal_asr_1bd585aa6fa64c27b5c61862ffe31b83	data/fulfulde_run/audio/waxal_asr_1bd585aa6fa64c27b5c61862ffe31b83.wav	4.2	50.41	0.65	caa caa jiga nii, o fiiran.	caa caa jiga nii o fiiran	6	unknown
waxal_asr_e22a5aadefe94797a157333812556ecd	data/fulfulde_run/audio/waxal_asr_e22a5aadefe94797a157333812556ecd.wav	6.142	46.57	0.85	yah, Alla yaare jam, Alla wartire jam, a fottan bee mokoy jeeɗiɗi;	yah alla yaare jam alla wartire jam a fottan bee mokoy jeeɗiɗi	12	unknown
waxal_asr_93703326a5854c5a9835cd9ce1438196	data/fulfulde_run/audio/waxal_asr_93703326a5854c5a9835cd9ce1438196.wav	2.1	53.16	0.7	miin kam mi huucan,	miin kam mi huucan	4	unknown
waxal_asr_943407337a9d4611b06ca243639258a3	data/fulfulde_run/audio/waxal_asr_943407337a9d4611b06ca243639258a3.wav	15.77	48.69	0.83	Ngaska gawri ɗoo ɓe ngasa, ɓe ngasa nii, ɓe ngasa ngaska ka lugga, ɓe kuɓɓa yiite, ɓe ngula taa moo’u nasta, ɓe ngadda to coŋwal, to ommbe ɓe ngaata ton.	ngaska gawri ɗoo ɓe ngasa ɓe ngasa nii ɓe ngasa ngaska ka lugga ɓe kuɓɓa yiite ɓe ngula taa moo u nasta ɓe ngadda to coŋwal to ommbe ɓe ngaata ton	31	unknown
waxal_asr_095fe01d21c74610aab340224fd2aed7	data/fulfulde_run/audio/waxal_asr_095fe01d21c74610aab340224fd2aed7.wav	3.454	43.9	0.86	o wii to o defi yam ɓelle njooro;	o wii to o defi yam ɓelle njooro	8	unknown
waxal_asr_9fd540ad9f0d408188d0b5f4f7444f7b	data/fulfulde_run/audio/waxal_asr_9fd540ad9f0d408188d0b5f4f7444f7b.wav	3.66	45.62	0.61	O wanngi o wii : ko kooloton?	o wanngi o wii ko kooloton	6	unknown
waxal_asr_6f0573ef594a4ea7b5546e7ef1759ac5	data/fulfulde_run/audio/waxal_asr_6f0573ef594a4ea7b5546e7ef1759ac5.wav	2.4	25.24	0.99	mo nyiindere sirri laarataake;	mo nyiindere sirri laarataake	4	unknown
waxal_asr_e05bc3cea0cf4ff5a1dc4aee7269f478	data/fulfulde_run/audio/waxal_asr_e05bc3cea0cf4ff5a1dc4aee7269f478.wav	5.614	45.62	0.82	Jam, o haddi limce maako, o haɓɓi raagaaje maako.	jam o haddi limce maako o haɓɓi raagaaje maako	9	unknown
waxal_asr_ea400ea655364d75ba5b48bb08558537	data/fulfulde_run/audio/waxal_asr_ea400ea655364d75ba5b48bb08558537.wav	3.06	52.94	0.66	koo ɗiɗi, koo tati waɗan.	koo ɗiɗi koo tati waɗan	5	unknown
waxal_asr_e9ac1f292ab94d77888d8bde039d99dd	data/fulfulde_run/audio/waxal_asr_e9ac1f292ab94d77888d8bde039d99dd.wav	9.18	50.58	0.7	Yowwaa! Ɓe mbii mo : njawdi mbaala ɗoo kam, nder saare ma ɗoo, taa ɓe paɗɗa ɗum.	yowwaa ɓe mbii mo njawdi mbaala ɗoo kam nder saare ma ɗoo taa ɓe paɗɗa ɗum	16	unknown
waxal_asr_0b2db0601c7c40f79977cabe6334e670	data/fulfulde_run/audio/waxal_asr_0b2db0601c7c40f79977cabe6334e670.wav	2.76	55.02	0.72	Ɓoyi ma weli; ɓoyi ma weli;	ɓoyi ma weli ɓoyi ma weli	6	unknown
waxal_asr_2a33180fd3ae4868be29ac4a24ee9185	data/fulfulde_run/audio/waxal_asr_2a33180fd3ae4868be29ac4a24ee9185.wav	9.424	54.84	0.8	Ɓe uni paltaaje, ɓe ɗon tokkootiri, ɓe ɗon paɗɗa ganjal, kumaarewal ɗon ardi ɗon	ɓe uni paltaaje ɓe ɗon tokkootiri ɓe ɗon paɗɗa ganjal kumaarewal ɗon ardi ɗon	14	unknown
waxal_asr_4c06133b4822422bb6c45e14f63307e4	data/fulfulde_run/audio/waxal_asr_4c06133b4822422bb6c45e14f63307e4.wav	23.761	50.63	0.78	Ɓe kooci ɓinngel ɓe ngarti, ɓe ngari har laawol baaba ƴami mo wii : mo wii ma ngara ɗoo, o wii : yaadikko am, yaadikko am wii mi wara mi nyeɗa, ngarmi mboodga nga, nga ƴami derke’en pat ɓe mbii naa kamɓe mbeete Daari-Bano.	ɓe kooci ɓinngel ɓe ngarti ɓe ngari har laawol baaba ƴami mo wii mo wii ma ngara ɗoo o wii yaadikko am yaadikko am wii mi wara mi nyeɗa ngarmi mboodga nga nga ƴami derke en pat ɓe mbii naa kamɓe mbeete daari-bano	43	unknown
waxal_asr_ef82a20f4b744a2ca68ebf3478478eff	data/fulfulde_run/audio/waxal_asr_ef82a20f4b744a2ca68ebf3478478eff.wav	2.58	54.48	0.78	mi yahrana cubboowo;	mi yahrana cubboowo	3	unknown
waxal_asr_6da5ee1b0df54860bdc2be445ad26598	data/fulfulde_run/audio/waxal_asr_6da5ee1b0df54860bdc2be445ad26598.wav	10.981	44.45	0.9	Jam, on goo huuri gude, haddi, haddi, loowi ndiyam e juldude kaŋum boo, ɗon wara, yimɓe goo ɗon mooɓti.	jam on goo huuri gude haddi haddi loowi ndiyam e juldude kaŋum boo ɗon wara yimɓe goo ɗon mooɓti	19	unknown
waxal_asr_35d53cc52d8548088dd8c847d6348ad1	data/fulfulde_run/audio/waxal_asr_35d53cc52d8548088dd8c847d6348ad1.wav	21.891	54.18	0.77	Jam, to o jali nii, naargewol waɗa ƴennde rufa, jam o ɗon jooɗi, o ɗon ayna goo non non nii, jam waaye maako wari, diga yiigo waaye maako non non nii, o tappi moosaango, ɓirabattu, o jali kerker;	jam to o jali nii naargewol waɗa ƴennde rufa jam o ɗon jooɗi o ɗon ayna goo non non nii jam waaye maako wari diga yiigo waaye maako non non nii o tappi moosaango ɓirabattu o jali kerker	38	unknown
waxal_asr_305ad112679e428285e61bcdb03aa77b	data/fulfulde_run/audio/waxal_asr_305ad112679e428285e61bcdb03aa77b.wav	8.089	50.76	0.81	kumareewal wari wii kaŋum kam yahan, dilli kadi : daada Damseere kuma;	kumareewal wari wii kaŋum kam yahan dilli kadi daada damseere kuma	11	unknown
waxal_asr_f0ba668db68b453da641bd9a96e4a05e	data/fulfulde_run/audio/waxal_asr_f0ba668db68b453da641bd9a96e4a05e.wav	4.982	33.8	0.93	Ayyee dile, miin mi yiɗaa dileego, innu nii ko’e ɗiɗi?	ayyee dile miin mi yiɗaa dileego innu nii ko e ɗiɗi	11	unknown
waxal_asr_3a586531aa8740ce9d713035b1c79e04	data/fulfulde_run/audio/waxal_asr_3a586531aa8740ce9d713035b1c79e04.wav	2.34	57.55	0.64	Yoo, booɗɗum ndillen.	yoo booɗɗum ndillen	3	unknown
waxal_asr_2880ab4b648448c5aae6d9727314702f	data/fulfulde_run/audio/waxal_asr_2880ab4b648448c5aae6d9727314702f.wav	2.704	40.92	0.89	hm mi anndaa, dargala naa?	hm mi anndaa dargala naa	5	unknown
waxal_asr_1e758446ad644d88b0959a32a62a44f7	data/fulfulde_run/audio/waxal_asr_1e758446ad644d88b0959a32a62a44f7.wav	9.659	42.84	0.83	O neli oo boo; yehi laaroyi, o wii : ɗoo kam non non laamɗo; o wii : fewre piirnane yam mo daande.	o neli oo boo yehi laaroyi o wii ɗoo kam non non laamɗo o wii fewre piirnane yam mo daande	20	unknown
waxal_asr_e942a684796949cabea2fd68cf7143ce	data/fulfulde_run/audio/waxal_asr_e942a684796949cabea2fd68cf7143ce.wav	11.1	43.31	0.82	Ɓe mbii : jottakam en njah teenoyen leɗɗe ngadden kawten Hamman bee Mbuulu mum, bee puldebbo goo fuu nyaamen.	ɓe mbii jottakam en njah teenoyen leɗɗe ngadden kawten hamman bee mbuulu mum bee puldebbo goo fuu nyaamen	18	unknown
waxal_asr_9373abe3fc004fa89c2c56d9973e9cdc	data/fulfulde_run/audio/waxal_asr_9373abe3fc004fa89c2c56d9973e9cdc.wav	14.812	47.28	0.84	adda yewi sammeere hokki mo dow ɓaawo, yewi sammeere kaŋum boo jogi haa ƴakka : hey jawmu karal! Hey jawmu karal! Adda am wujji ma gawri;	adda yewi sammeere hokki mo dow ɓaawo yewi sammeere kaŋum boo jogi haa ƴakka hey jawmu karal hey jawmu karal adda am wujji ma gawri	25	unknown
waxal_asr_3a7085a41c2e459794030bd4c92d67a7	data/fulfulde_run/audio/waxal_asr_3a7085a41c2e459794030bd4c92d67a7.wav	7.935	50.67	0.86	noorwa ndaa ɗoftu jiire ɗoo, yaaru mo haa gaɗa-maayo a lora kadi, noorwa wii :	noorwa ndaa ɗoftu jiire ɗoo yaaru mo haa gaɗa-maayo a lora kadi noorwa wii	14	unknown
waxal_asr_41236bc2671e47f58f0cda8a8b35c18d	data/fulfulde_run/audio/waxal_asr_41236bc2671e47f58f0cda8a8b35c18d.wav	2.567	47.38	0.74	Ɓe njehi yeeso, faɗo yani :	ɓe njehi yeeso faɗo yani	5	unknown
waxal_asr_1395c5e26a9c47c995b38b1953816ddb	data/fulfulde_run/audio/waxal_asr_1395c5e26a9c47c995b38b1953816ddb.wav	8.409	43.78	0.87	Nde ɓe acci mo bee adda maako ɓii daada maako goo, na’i goo timmi, lutti ɓe ɗon ɓira, ɓe ɗon ɓira.	nde ɓe acci mo bee adda maako ɓii daada maako goo na i goo timmi lutti ɓe ɗon ɓira ɓe ɗon ɓira	22	unknown
waxal_asr_a6e923012e184c47b348f808afaf2a3a	data/fulfulde_run/audio/waxal_asr_a6e923012e184c47b348f808afaf2a3a.wav	5.11	25.2	0.92	ɓe ɗon mbi’a : hayyaa! Nannge, nannge, nannge non Hamman kam ɗon dogga goo,	ɓe ɗon mbi a hayyaa nannge nannge nannge non hamman kam ɗon dogga goo	14	unknown
waxal_asr_03f970324c5345fbaef8a307777448da	data/fulfulde_run/audio/waxal_asr_03f970324c5345fbaef8a307777448da.wav	6.269	27.2	0.94	Ɓe ɗon ngaati mo nder beembal goo, ɓe mbi’a : to yiggi puccu ma boo min ndaara naa?	ɓe ɗon ngaati mo nder beembal goo ɓe mbi a to yiggi puccu ma boo min ndaara naa	18	unknown
waxal_asr_adf1fa007f9e4f628a9ce2751ae3d633	data/fulfulde_run/audio/waxal_asr_adf1fa007f9e4f628a9ce2751ae3d633.wav	4.68	53.42	0.68	suka njaalta mi njala mi, o wolwaay.	suka njaalta mi njala mi o wolwaay	7	unknown
waxal_asr_06afc5e535004232ad921b3b09990048	data/fulfulde_run/audio/waxal_asr_06afc5e535004232ad921b3b09990048.wav	23.986	55.9	0.69	Nde o fiiri dow ton o dari nii, nga yehi nga talloyi, nga talloyi, nga waroyi non non nii, nii yitere haa nga nyaama mo. Nga ɗon wasa nii, ɗon wasa ɗaɗi lekki goo buɗut buɗut, ɗon wasa nii, ɗon wasa lekki nii.	nde o fiiri dow ton o dari nii nga yehi nga talloyi nga talloyi nga waroyi non non nii nii yitere haa nga nyaama mo nga ɗon wasa nii ɗon wasa ɗaɗi lekki goo buɗut buɗut ɗon wasa nii ɗon wasa lekki nii	43	unknown
waxal_asr_36d86077c6e84fa8b08d34e5ee50be75	data/fulfulde_run/audio/waxal_asr_36d86077c6e84fa8b08d34e5ee50be75.wav	11.949	53.68	0.7	Jam, biiro maako horeejo wi’ata : barkaama, kayyaa! Barkaama, ba maako walaa e wuro naa!	jam biiro maako horeejo wi ata barkaama kayyaa barkaama ba maako walaa e wuro naa	15	unknown
waxal_asr_95e968ba688d466dad87d034640b1806	data/fulfulde_run/audio/waxal_asr_95e968ba688d466dad87d034640b1806.wav	10.176	43.1	0.84	Suy kadi boo mbamnga wii : kay! sonaa to mi nyaami nyaande mi haari, suy mi fuɗɗa waatgo kadi.	suy kadi boo mbamnga wii kay sonaa to mi nyaami nyaande mi haari suy mi fuɗɗa waatgo kadi	18	unknown
waxal_asr_2919498a55cd4d069257575e4e2d0028	data/fulfulde_run/audio/waxal_asr_2919498a55cd4d069257575e4e2d0028.wav	11.46	48.45	0.6	Jam, puro ɓalwa-koppi goo hiji, o yehi o wii : ndaa ɓe ɗon nyo’a ɓe mbii a debbo,	jam puro ɓalwa-koppi goo hiji o yehi o wii ndaa ɓe ɗon nyo a ɓe mbii a debbo	18	unknown
waxal_asr_e5376570b8ec4afd93751c290bc5e669	data/fulfulde_run/audio/waxal_asr_e5376570b8ec4afd93751c290bc5e669.wav	7.5	52.36	0.71	taa o fista Mbuulu ngu nii, ngu dillira mo e o anndaa.	taa o fista mbuulu ngu nii ngu dillira mo e o anndaa	12	unknown
waxal_asr_63664c5996774aa4b63d90056bd4cd01	data/fulfulde_run/audio/waxal_asr_63664c5996774aa4b63d90056bd4cd01.wav	2.22	49.64	0.78	leeronoya duule;	leeronoya duule	2	unknown
waxal_asr_d97756cd109a4609af8d8a5866e87831	data/fulfulde_run/audio/waxal_asr_d97756cd109a4609af8d8a5866e87831.wav	3.658	42.33	0.88	To a lorake taa fistu Sammbo; mi fistataa.	to a lorake taa fistu sammbo mi fistataa	8	unknown
waxal_asr_8c06db41fe094f88949cef98fb3d3958	data/fulfulde_run/audio/waxal_asr_8c06db41fe094f88949cef98fb3d3958.wav	4.479	51.64	0.78	Ko ndokkaami seŋsaŋ Alla boo mi yiɗaa ngol;	ko ndokkaami seŋsaŋ alla boo mi yiɗaa ngol	8	unknown
waxal_asr_f0471dacdea542fc95d6580f3e0e9645	data/fulfulde_run/audio/waxal_asr_f0471dacdea542fc95d6580f3e0e9645.wav	4.577	49.04	0.84	Asira waɗi, ginnawol dolli ndiyam ɗon yarna ɓikkoy mum.	asira waɗi ginnawol dolli ndiyam ɗon yarna ɓikkoy mum	9	unknown
waxal_asr_6a607c8f700e49648d703eb59538e8b1	data/fulfulde_run/audio/waxal_asr_6a607c8f700e49648d703eb59538e8b1.wav	2.546	36.95	0.9	puldebbo goo boo ɓe tawaay ɗum,	puldebbo goo boo ɓe tawaay ɗum	6	unknown
waxal_asr_18e47eb8c9fe4a5abbd152a59523be7b	data/fulfulde_run/audio/waxal_asr_18e47eb8c9fe4a5abbd152a59523be7b.wav	7.845	43.95	0.82	O wii : ngaleewal tataɓal boo, miin kam naa nde ɗiɗi pinndin maami, njaɓɗa ɗoo?	o wii ngaleewal tataɓal boo miin kam naa nde ɗiɗi pinndin maami njaɓɗa ɗoo	14	unknown
waxal_asr_b93093a79874443da80498a4f9b2dd2a	data/fulfulde_run/audio/waxal_asr_b93093a79874443da80498a4f9b2dd2a.wav	6.114	51.9	0.84	Taalel taalel kuɗel gommbel, gommbirgel caka fellere maama kaanumjo.	taalel taalel kuɗel gommbel gommbirgel caka fellere maama kaanumjo	9	unknown
waxal_asr_b37604fd0ec94284a2c6f08aa63ab586	data/fulfulde_run/audio/waxal_asr_b37604fd0ec94284a2c6f08aa63ab586.wav	6.133	52.81	0.75	Ɓe mbi’ata mo : simarru tawon, o ta’i wicco pallaandi hunnde ɗoo,	ɓe mbi ata mo simarru tawon o ta i wicco pallaandi hunnde ɗoo	13	unknown
waxal_asr_e7b48c73c24843b4bb799e728fa3779c	data/fulfulde_run/audio/waxal_asr_e7b48c73c24843b4bb799e728fa3779c.wav	3.242	46.51	0.83	Yoo mi nanaa no debbo o danyi?	yoo mi nanaa no debbo o danyi	7	unknown
waxal_asr_7a508d8d2ae64a519d6dee60fc06328c	data/fulfulde_run/audio/waxal_asr_7a508d8d2ae64a519d6dee60fc06328c.wav	17.274	54.72	0.82	Ɓe koo’i paltaaje ɓe uni, ɓe uni, ɓe uni ɓe ngaɗi raaga, daada saare goo yehi doggi doggi yehi wi’oyi innde bammbaaɗo ka fuu wara haa min ngaɗa pijirle;	ɓe koo i paltaaje ɓe uni ɓe uni ɓe uni ɓe ngaɗi raaga daada saare goo yehi doggi doggi yehi wi oyi innde bammbaaɗo ka fuu wara haa min ngaɗa pijirle	31	unknown
waxal_asr_1aff773dc04643ad9d9067be837b1156	data/fulfulde_run/audio/waxal_asr_1aff773dc04643ad9d9067be837b1156.wav	10.14	46.26	0.74	to a danyi gorko maa, o wara o jaɓane nyamaande ma, to a danyi debbo boo mi nyaami nde.	to a danyi gorko maa o wara o jaɓane nyamaande ma to a danyi debbo boo mi nyaami nde	19	unknown
waxal_asr_6bd61bb3de7a4edd83947bd9918543d4	data/fulfulde_run/audio/waxal_asr_6bd61bb3de7a4edd83947bd9918543d4.wav	5.76	44.95	0.85	Haa muti, jam haa lesdi muti haa hoore maako fuu, o muti yeŋ.	haa muti jam haa lesdi muti haa hoore maako fuu o muti yeŋ	13	unknown
waxal_asr_092151e8e4a84791a8890904b4a11998	data/fulfulde_run/audio/waxal_asr_092151e8e4a84791a8890904b4a11998.wav	16.937	47.79	0.85	Jam, o ummini hoore nii, o wallini, debbo goo yotti haa dow arngaawo maako jooɗi, jooɗi dow hoore maako, kad doo boo fuɗɗiti ɗon yima : goram Ibiraahim ngarmi laargo;	jam o ummini hoore nii o wallini debbo goo yotti haa dow arngaawo maako jooɗi jooɗi dow hoore maako kad doo boo fuɗɗiti ɗon yima goram ibiraahim ngarmi laargo	29	unknown
waxal_asr_c7a2e1bbdf4f4b7f9348a678adeaa61b	data/fulfulde_run/audio/waxal_asr_c7a2e1bbdf4f4b7f9348a678adeaa61b.wav	5.04	45.97	0.74	Ɓe taha ii’am goo, kad doo oo boo nannga wicco,	ɓe taha ii am goo kad doo oo boo nannga wicco	11	unknown
waxal_asr_bc9d8004da824d3f8f7bcd56182efde5	data/fulfulde_run/audio/waxal_asr_bc9d8004da824d3f8f7bcd56182efde5.wav	4.984	49.91	0.81	Wari haa enɗi ɗoo : suka njaala mi njala mi;	wari haa enɗi ɗoo suka njaala mi njala mi	9	unknown
waxal_asr_09b36d890f49445b81962f592ecce5cb	data/fulfulde_run/audio/waxal_asr_09b36d890f49445b81962f592ecce5cb.wav	2.97	34.55	0.89	O wii : ko baa wii no, ko daa wii no?	o wii ko baa wii no ko daa wii no	10	unknown
waxal_asr_7e6dd75e2aea4ede9eb91b2b40e37e51	data/fulfulde_run/audio/waxal_asr_7e6dd75e2aea4ede9eb91b2b40e37e51.wav	3.9	48.62	0.69	Kuuje boo njaali : Hamma min ndillidi;	kuuje boo njaali hamma min ndillidi	6	unknown
waxal_asr_13f819035b454bdea1c70fce14ebc7f4	data/fulfulde_run/audio/waxal_asr_13f819035b454bdea1c70fce14ebc7f4.wav	4.92	51.49	0.74	Jam, ɓe mbii mo ndaa haa too Ibiraahim woni.	jam ɓe mbii mo ndaa haa too ibiraahim woni	9	unknown
waxal_asr_352e0b937ea14d7cb7e8262edee7b5f2	data/fulfulde_run/audio/waxal_asr_352e0b937ea14d7cb7e8262edee7b5f2.wav	3.269	45.3	0.85	Fatuma nduunya moɗi yam mi geeto;	fatuma nduunya moɗi yam mi geeto	6	unknown
waxal_asr_59ea72fbb0c4465bb80f9549ec07bbca	data/fulfulde_run/audio/waxal_asr_59ea72fbb0c4465bb80f9549ec07bbca.wav	7.022	43.7	0.87	O wii : yaah, Alla yaare jam, Alla wartire jam, a fottan bee mukoy tati	o wii yaah alla yaare jam alla wartire jam a fottan bee mukoy tati	14	unknown
waxal_asr_bbf496b65c1c4c36a2eade118542dcab	data/fulfulde_run/audio/waxal_asr_bbf496b65c1c4c36a2eade118542dcab.wav	20.609	52.72	0.76	Jaɓi njumri goo musti ɗon, moori ngel, moori ngel, moora ɓila kaŋŋeeri, moora ɓila kaŋŋeeri, haa moordi ɓinngel pat, wasi nii ngaska yolli ngel ton, wari saɓɓi enndu mum waalori dow ton;	jaɓi njumri goo musti ɗon moori ngel moori ngel moora ɓila kaŋŋeeri moora ɓila kaŋŋeeri haa moordi ɓinngel pat wasi nii ngaska yolli ngel ton wari saɓɓi enndu mum waalori dow ton	32	unknown
waxal_asr_0421241b19ad419997dfd0a46b5f0eae	data/fulfulde_run/audio/waxal_asr_0421241b19ad419997dfd0a46b5f0eae.wav	4.08	46.0	0.72	kummbo tikki fiɗi njawga mbaala;	kummbo tikki fiɗi njawga mbaala	5	unknown
waxal_asr_b513286f0161414fa46e816b96632cf9	data/fulfulde_run/audio/waxal_asr_b513286f0161414fa46e816b96632cf9.wav	5.076	33.88	0.94	Adda wii mo : seek, o seeki korga goo, ɓinngel ɗon linngito.	adda wii mo seek o seeki korga goo ɓinngel ɗon linngito	11	unknown
waxal_asr_2f7f9ae681f44cbda74ba35ae20ce4cc	data/fulfulde_run/audio/waxal_asr_2f7f9ae681f44cbda74ba35ae20ce4cc.wav	10.015	47.37	0.76	Nden ɓe mbi’ata : nda haa wuro ngoya too nii, to a yehi fattude ndeya ton daada maako woni.	nden ɓe mbi ata nda haa wuro ngoya too nii to a yehi fattude ndeya ton daada maako woni	19	unknown
waxal_asr_159a1945cd4f4121b721e261e6edc401	data/fulfulde_run/audio/waxal_asr_159a1945cd4f4121b721e261e6edc401.wav	4.38	33.49	0.94	Ɓikkon wuro jawro, mbiili kon, moori kon, ngarma ndaara;	ɓikkon wuro jawro mbiili kon moori kon ngarma ndaara	9	unknown
waxal_asr_5d1bfa27689b4455a6424949a33ef364	data/fulfulde_run/audio/waxal_asr_5d1bfa27689b4455a6424949a33ef364.wav	16.5	56.23	0.74	Suy, gorko goo jaɓi dawrawol goo, wii mo yoo : to a ɗon yaha ɗoo, taa kumpa ware haa laawol, hunnde to humpini maa fuu sey kumpitoɗaaɗum;	suy gorko goo jaɓi dawrawol goo wii mo yoo to a ɗon yaha ɗoo taa kumpa ware haa laawol hunnde to humpini maa fuu sey kumpitoɗaaɗum	26	unknown
waxal_asr_c35833c3601945a687271b96b8e3e3d3	data/fulfulde_run/audio/waxal_asr_c35833c3601945a687271b96b8e3e3d3.wav	3.502	45.53	0.82	uhm mi waɗan ɗum non, mi waɗan ɗum non.	uhm mi waɗan ɗum non mi waɗan ɗum non	9	unknown
waxal_asr_483b7dc5ae5846d581854f0caceb98d5	data/fulfulde_run/audio/waxal_asr_483b7dc5ae5846d581854f0caceb98d5.wav	2.04	53.51	0.71	Mi ƴakkan nde;	mi ƴakkan nde	3	unknown
waxal_asr_50f366213f754c6e9930dfac96c49f78	data/fulfulde_run/audio/waxal_asr_50f366213f754c6e9930dfac96c49f78.wav	5.063	46.81	0.7	Kadi boo o yaadi bee maccuɓe maako ɗiɗo;	kadi boo o yaadi bee maccuɓe maako ɗiɗo	8	unknown
waxal_asr_0656482bae1941a6a28fd9649ae7c05d	data/fulfulde_run/audio/waxal_asr_0656482bae1941a6a28fd9649ae7c05d.wav	4.388	47.69	0.79	Mi yaha Lumba- lumba naa, malla ko mi yaha sato ?	mi yaha lumba- lumba naa malla ko mi yaha sato	10	unknown
waxal_asr_8c05f437b9ca4df996de3fa2582e26a3	data/fulfulde_run/audio/waxal_asr_8c05f437b9ca4df996de3fa2582e26a3.wav	3.28	38.65	0.88	Jam, eertinam non farawre am;	jam eertinam non farawre am	5	unknown
waxal_asr_9e75eed6ed414c1d93929357e5170463	data/fulfulde_run/audio/waxal_asr_9e75eed6ed414c1d93929357e5170463.wav	8.268	43.46	0.87	Jam, o seli haa yimɓe goo kadi, suy o dari o ƴami yimɓe goo : e ko waɗi on bana nii?	jam o seli haa yimɓe goo kadi suy o dari o ƴami yimɓe goo e ko waɗi on bana nii	20	unknown
waxal_asr_06db343724c94359bd281aaba1b089cc	data/fulfulde_run/audio/waxal_asr_06db343724c94359bd281aaba1b089cc.wav	2.7	46.16	0.88	laamiɗo nelamno guma;	laamiɗo nelamno guma	3	unknown
waxal_asr_34625e7e62ac41869e7c50188d760069	data/fulfulde_run/audio/waxal_asr_34625e7e62ac41869e7c50188d760069.wav	8.06	35.16	0.9	mi yahan mi mooroyo haa mututu gojoowa, yaadikko am wii mi mooroyo haa mututu gojoowa ;	mi yahan mi mooroyo haa mututu gojoowa yaadikko am wii mi mooroyo haa mututu gojoowa	15	unknown
waxal_asr_6423ba3b0acf4c77a3f627a0abcd106a	data/fulfulde_run/audio/waxal_asr_6423ba3b0acf4c77a3f627a0abcd106a.wav	6.807	50.84	0.79	Mbuulu kam ɗon saaɓna, daada goo boo ɗon ewno mo : Hamman fooɗ Mbuulu;	mbuulu kam ɗon saaɓna daada goo boo ɗon ewno mo hamman fooɗ mbuulu	13	unknown
waxal_asr_1d1789c0834b4dc296666e3bda5e2b73	data/fulfulde_run/audio/waxal_asr_1d1789c0834b4dc296666e3bda5e2b73.wav	2.58	47.09	0.86	laaamiɗo nelam no kumaa;	laaamiɗo nelam no kumaa	4	unknown
waxal_asr_9738eb7c9a744473bb28a18a2303ded3	data/fulfulde_run/audio/waxal_asr_9738eb7c9a744473bb28a18a2303ded3.wav	5.014	49.23	0.86	kay maama hannde kam mi yiɗi huucugo kadi, naa mi laari on.	kay maama hannde kam mi yiɗi huucugo kadi naa mi laari on	12	unknown
waxal_asr_0839bff54efc44a5991c9984d25ef71b	data/fulfulde_run/audio/waxal_asr_0839bff54efc44a5991c9984d25ef71b.wav	15.579	53.93	0.82	Yeesre nagge goo, adda goo suuɗoyi ɗon lallana mo bee tummugel bee ndiyam o yara kosam goo, nden o wii adda : waddu faɗo ma mi waɗane, mi wo’’inane.	yeesre nagge goo adda goo suuɗoyi ɗon lallana mo bee tummugel bee ndiyam o yara kosam goo nden o wii adda waddu faɗo ma mi waɗane mi wo inane	29	unknown
waxal_asr_f81ef9779c074159b3ef1e895220e148	data/fulfulde_run/audio/waxal_asr_f81ef9779c074159b3ef1e895220e148.wav	2.272	51.49	0.83	ɗum ɗume watta ɗum kam?	ɗum ɗume watta ɗum kam	5	unknown
waxal_asr_711ba43908f048f0abd613f62f8d4104	data/fulfulde_run/audio/waxal_asr_711ba43908f048f0abd613f62f8d4104.wav	2.23	49.25	0.82	kurma njamaldi liyel;	kurma njamaldi liyel	3	unknown
waxal_asr_f27782cc59cd43d988d26fea775fff52	data/fulfulde_run/audio/waxal_asr_f27782cc59cd43d988d26fea775fff52.wav	21.96	51.46	0.77	aan maa keɓɗaa sakko ɓiyam, ɓiira hooci ɓinngel, ɓinngel tokki laawol ɗon yaha, ɗon yaha, yehi tawi caɓɓulli wii mo : teɓam, teɓam, to a teɓi yam muraami mi, o teɓi o muri pat o luttaay ko gootel;	aan maa keɓɗaa sakko ɓiyam ɓiira hooci ɓinngel ɓinngel tokki laawol ɗon yaha ɗon yaha yehi tawi caɓɓulli wii mo teɓam teɓam to a teɓi yam muraami mi o teɓi o muri pat o luttaay ko gootel	37	unknown
waxal_asr_475222da90554defb7dd5388eccf2ff9	data/fulfulde_run/audio/waxal_asr_475222da90554defb7dd5388eccf2ff9.wav	3.541	47.47	0.79	mukoy jowi goo wii : ɓinngel to njaata?	mukoy jowi goo wii ɓinngel to njaata	7	unknown
waxal_asr_1363c8a0951947af8244e53111d1d4c2	data/fulfulde_run/audio/waxal_asr_1363c8a0951947af8244e53111d1d4c2.wav	4.58	34.3	0.91	Ɓe mbii : hannde kam mooɓte ɓikkoy maajum pat ngaddde,	ɓe mbii hannde kam mooɓte ɓikkoy maajum pat ngaddde	9	unknown
waxal_asr_77b237c9e8004affadd14fb19de13217	data/fulfulde_run/audio/waxal_asr_77b237c9e8004affadd14fb19de13217.wav	17.078	53.67	0.78	Nden nyalde feere, o yehi tawi derke’en ɗon nyeɗa, derke’en ɗon nyeɗa, o yehi jemma, o ɗon waanca jemma haa o wujja o tawi goɗɗo wari taɓɓugo ɓucco, o tappi goɗɗo wari.	nden nyalde feere o yehi tawi derke en ɗon nyeɗa derke en ɗon nyeɗa o yehi jemma o ɗon waanca jemma haa o wujja o tawi goɗɗo wari taɓɓugo ɓucco o tappi goɗɗo wari	34	unknown
waxal_asr_b309c31458234cd694b3d784260ebe7f	data/fulfulde_run/audio/waxal_asr_b309c31458234cd694b3d784260ebe7f.wav	3.002	42.81	0.89	o wii to o juɗi yam ɓelle cunya;	o wii to o juɗi yam ɓelle cunya	8	unknown
waxal_asr_7f8219335bca4d5698fc0072ff8c62e9	data/fulfulde_run/audio/waxal_asr_7f8219335bca4d5698fc0072ff8c62e9.wav	7.97	42.25	0.89	Horɓe maɓɓe goo, gooto reedujo, o wii adda mi laaran ko saawi e reedu maako.	horɓe maɓɓe goo gooto reedujo o wii adda mi laaran ko saawi e reedu maako	15	unknown
waxal_asr_0672cdc7aef14c4f819158285b966b73	data/fulfulde_run/audio/waxal_asr_0672cdc7aef14c4f819158285b966b73.wav	3.055	40.34	0.88	Ɓe cukka dow gawri, heewi kadi.	ɓe cukka dow gawri heewi kadi	6	unknown
waxal_asr_97ddc1eeb4f14f60b3c2d060414cd4ca	data/fulfulde_run/audio/waxal_asr_97ddc1eeb4f14f60b3c2d060414cd4ca.wav	6.299	36.18	0.89	wayyoo! Daada saare giɗaaɗo goo, wi’ata min boo njehe ne ndokkaneeɗam.	wayyoo daada saare giɗaaɗo goo wi ata min boo njehe ne ndokkaneeɗam	12	unknown
waxal_asr_e5665cbbfb4a42058349223dd3ceb8f1	data/fulfulde_run/audio/waxal_asr_e5665cbbfb4a42058349223dd3ceb8f1.wav	7.632	39.47	0.89	o ɗon saaɓna, ɓiira pucci wuro goo pat cakiti ɓaawo maako haa njokko mo, nannga mo.	o ɗon saaɓna ɓiira pucci wuro goo pat cakiti ɓaawo maako haa njokko mo nannga mo	16	unknown
waxal_asr_88735c8304314c47b09cb42c449cd2b8	data/fulfulde_run/audio/waxal_asr_88735c8304314c47b09cb42c449cd2b8.wav	5.601	50.46	0.85	Jam, ɓe mbii mo : naa ɗoo Ibrahim woni, haa yeeso seeɗa.	jam ɓe mbii mo naa ɗoo ibrahim woni haa yeeso seeɗa	11	unknown
waxal_asr_6786163948aa4278b84203ec08db10a7	data/fulfulde_run/audio/waxal_asr_6786163948aa4278b84203ec08db10a7.wav	5.7	50.3	0.77	Saa’i Mbuulu faandi no ladde no waddi ɓiira saaɓni.	saa i mbuulu faandi no ladde no waddi ɓiira saaɓni	10	unknown
